Date,Open
04.03.2020,1336
03.03.2020,1336
02.03.2020,1332
28.02.2020,1359
27.02.2020,1438
26.02.2020,1442
25.02.2020,1504
21.02.2020,1525
20.02.2020,1546
19.02.2020,1525
18.02.2020,1540
17.02.2020,1535
14.02.2020,1541
13.02.2020,1553
12.02.2020,1542
11.02.2020,1509
10.02.2020,1517
07.02.2020,1542
06.02.2020,1569
05.02.2020,1550
04.02.2020,1523
03.02.2020,1509
31.01.2020,1559
30.01.2020,1565
29.01.2020,1581
28.01.2020,1549
27.01.2020,1584
24.01.2020,1601
23.01.2020,1611
22.01.2020,1635
21.01.2020,1644
20.01.2020,1640
17.01.2020,1615
16.01.2020,1608
15.01.2020,1604
14.01.2020,1622
13.01.2020,1612
10.01.2020,1602
09.01.2020,1597
08.01.2020,1567
06.01.2020,1560
03.01.2020,1554
30.12.2019,1549
27.12.2019,1533
26.12.2019,1541
25.12.2019,1541
24.12.2019,1535
23.12.2019,1522
20.12.2019,1522
19.12.2019,1514
18.12.2019,1520
17.12.2019,1519
16.12.2019,1504
13.12.2019,1499
12.12.2019,1476
11.12.2019,1454
10.12.2019,1458
09.12.2019,1448
06.12.2019,1433
05.12.2019,1430
04.12.2019,1417
03.12.2019,1432
02.12.2019,1438
29.11.2019,1438
28.11.2019,1441
27.11.2019,1444
26.11.2019,1455
25.11.2019,1456
22.11.2019,1453
21.11.2019,1449
20.11.2019,1449
19.11.2019,1445
18.11.2019,1456
15.11.2019,1440
14.11.2019,1438
13.11.2019,1443
12.11.2019,1461
11.11.2019,1464
08.11.2019,1486
07.11.2019,1468
06.11.2019,1463
05.11.2019,1463
01.11.2019,1422
31.10.2019,1439
30.10.2019,1419
29.10.2019,1412
28.10.2019,1420
25.10.2019,1414
24.10.2019,1390
23.10.2019,1382
22.10.2019,1367
21.10.2019,1363
18.10.2019,1350
17.10.2019,1349
16.10.2019,1330
15.10.2019,1321
14.10.2019,1329
11.10.2019,1330
10.10.2019,1315
09.10.2019,1306
08.10.2019,1319
07.10.2019,1313
04.10.2019,1309
03.10.2019,1313
02.10.2019,1330
01.10.2019,1335
30.09.2019,1344
27.09.2019,1360
26.09.2019,1353
25.09.2019,1353
24.09.2019,1374
23.09.2019,1374
20.09.2019,1376
19.09.2019,1382
18.09.2019,1379
17.09.2019,1393
16.09.2019,1376
13.09.2019,1360
12.09.2019,1354
11.09.2019,1342
10.09.2019,1338
09.09.2019,1343
06.09.2019,1334
05.09.2019,1332
04.09.2019,1315
03.09.2019,1306
02.09.2019,1293
30.08.2019,1285
29.08.2019,1264
28.08.2019,1260
27.08.2019,1268
26.08.2019,1265
23.08.2019,1286
22.08.2019,1280
21.08.2019,1267
20.08.2019,1248
19.08.2019,1244
16.08.2019,1257
15.08.2019,1260
14.08.2019,1302
13.08.2019,1294
12.08.2019,1296
09.08.2019,1306
08.08.2019,1298
07.08.2019,1294
06.08.2019,1276
05.08.2019,1287
02.08.2019,1325
01.08.2019,1350
31.07.2019,1358
30.07.2019,1355
29.07.2019,1350
26.07.2019,1343
25.07.2019,1333
24.07.2019,1350
23.07.2019,1341
22.07.2019,1349
19.07.2019,1359
18.07.2019,1354
17.07.2019,1357
16.07.2019,1384
15.07.2019,1392
12.07.2019,1397
11.07.2019,1408
10.07.2019,1392
09.07.2019,1395
08.07.2019,1393
05.07.2019,1410
04.07.2019,1404
03.07.2019,1398
02.07.2019,1402
01.07.2019,1383
28.06.2019,1387
27.06.2019,1386
26.06.2019,1380
25.06.2019,1389
24.06.2019,1381
21.06.2019,1390
20.06.2019,1362
19.06.2019,1359
18.06.2019,1338
17.06.2019,1339
14.06.2019,1345
13.06.2019,1342
11.06.2019,1321
10.06.2019,1327
07.06.2019,1323
06.06.2019,1301
05.06.2019,1308
04.06.2019,1314
03.06.2019,1280
31.05.2019,1283
30.05.2019,1282
29.05.2019,1269
28.05.2019,1287
27.05.2019,1280
24.05.2019,1273
23.05.2019,1288
22.05.2019,1281
21.05.2019,1257
20.05.2019,1255
17.05.2019,1255
16.05.2019,1243
15.05.2019,1246
14.05.2019,1208
13.05.2019,1215
10.05.2019,1228
08.05.2019,1234
07.05.2019,1245
06.05.2019,1243
03.05.2019,1239
02.05.2019,1247
30.04.2019,1255
29.04.2019,1247
26.04.2019,1247
25.04.2019,1262
24.04.2019,1279
23.04.2019,1276
22.04.2019,1262
19.04.2019,1262
18.04.2019,1266
17.04.2019,1259
16.04.2019,1248
15.04.2019,1255
12.04.2019,1243
11.04.2019,1262
10.04.2019,1248
09.04.2019,1244
08.04.2019,1225
05.04.2019,1219
04.04.2019,1222
03.04.2019,1220
02.04.2019,1219
01.04.2019,1199
29.03.2019,1209
28.03.2019,1208
27.03.2019,1228
26.03.2019,1228
25.03.2019,1212
22.03.2019,1237
21.03.2019,1235
20.03.2019,1220
19.03.2019,1216
18.03.2019,1204
15.03.2019,1182
14.03.2019,1189
13.03.2019,1184
12.03.2019,1179
11.03.2019,1176
07.03.2019,1189
06.03.2019,1182
05.03.2019,1184
04.03.2019,1184
01.03.2019,1188
28.02.2019,1191
27.02.2019,1196
26.02.2019,1196
25.02.2019,1200
22.02.2019,1186
21.02.2019,1194
20.02.2019,1179
19.02.2019,1174
18.02.2019,1182
15.02.2019,1165
14.02.2019,1169
13.02.2019,1212
12.02.2019,1201
11.02.2019,1198
08.02.2019,1199
07.02.2019,1213
06.02.2019,1222
05.02.2019,1212
04.02.2019,1213
01.02.2019,1213
31.01.2019,1210
30.01.2019,1190
29.01.2019,1176
28.01.2019,1192
25.01.2019,1190
24.01.2019,1187
23.01.2019,1168
22.01.2019,1170
21.01.2019,1175
18.01.2019,1164
17.01.2019,1156
16.01.2019,1148
15.01.2019,1146
14.01.2019,1148
11.01.2019,1146
10.01.2019,1139
09.01.2019,1127
08.01.2019,1116
04.01.2019,1090
03.01.2019,1069
29.12.2018,1069
28.12.2018,1055
27.12.2018,1062
26.12.2018,1051
25.12.2018,1064
24.12.2018,1073
21.12.2018,1084
20.12.2018,1096
19.12.2018,1099
18.12.2018,1110
17.12.2018,1115
14.12.2018,1130
13.12.2018,1123
12.12.2018,1135
11.12.2018,1133
10.12.2018,1151
07.12.2018,1137
06.12.2018,1154
05.12.2018,1142
04.12.2018,1156
03.12.2018,1131
30.11.2018,1139
29.11.2018,1123
28.11.2018,1099
27.11.2018,1085
26.11.2018,1115
23.11.2018,1136
22.11.2018,1131
21.11.2018,1113
20.11.2018,1139
19.11.2018,1134
16.11.2018,1140
15.11.2018,1119
14.11.2018,1095
13.11.2018,1108
12.11.2018,1113
09.11.2018,1145
08.11.2018,1161
07.11.2018,1148
06.11.2018,1133
02.11.2018,1133
01.11.2018,1125
31.10.2018,1108
30.10.2018,1105
29.10.2018,1097
26.10.2018,1118
25.10.2018,1114
24.10.2018,1111
23.10.2018,1111
22.10.2018,1129
19.10.2018,1139
18.10.2018,1158
17.10.2018,1168
16.10.2018,1145
15.10.2018,1146
12.10.2018,1127
11.10.2018,1123
10.10.2018,1162
09.10.2018,1163
08.10.2018,1159
05.10.2018,1155
04.10.2018,1192
03.10.2018,1178
02.10.2018,1200
01.10.2018,1192
28.09.2018,1184
27.09.2018,1160
26.09.2018,1169
25.09.2018,1163
24.09.2018,1150
21.09.2018,1141
20.09.2018,1134
19.09.2018,1124
18.09.2018,1098
17.09.2018,1093
14.09.2018,1088
13.09.2018,1067
12.09.2018,1061
11.09.2018,1042
10.09.2018,1046
07.09.2018,1056
06.09.2018,1070
05.09.2018,1078
04.09.2018,1086
03.09.2018,1093
31.08.2018,1074
30.08.2018,1090
29.08.2018,1075
28.08.2018,1079
27.08.2018,1071
24.08.2018,1043
23.08.2018,1062
22.08.2018,1075
21.08.2018,1067
20.08.2018,1064
17.08.2018,1066
16.08.2018,1062
15.08.2018,1083
14.08.2018,1067
13.08.2018,1053
10.08.2018,1084
09.08.2018,1096
08.08.2018,1145
07.08.2018,1138
06.08.2018,1142
03.08.2018,1140
02.08.2018,1155
01.08.2018,1168
31.07.2018,1159
30.07.2018,1147
27.07.2018,1147
26.07.2018,1147
25.07.2018,1128
24.07.2018,1131
23.07.2018,1116
20.07.2018,1123
19.07.2018,1149
18.07.2018,1154
17.07.2018,1175
16.07.2018,1179
13.07.2018,1177
12.07.2018,1178
11.07.2018,1202
10.07.2018,1193
09.07.2018,1176
06.07.2018,1169
05.07.2018,1145
04.07.2018,1148
03.07.2018,1151
02.07.2018,1151
29.06.2018,1134
28.06.2018,1123
27.06.2018,1119
26.06.2018,1123
25.06.2018,1119
22.06.2018,1113
21.06.2018,1115
20.06.2018,1098
19.06.2018,1100
18.06.2018,1114
15.06.2018,1134
14.06.2018,1143
13.06.2018,1141
11.06.2018,1150
09.06.2018,1146
08.06.2018,1167
07.06.2018,1182
06.06.2018,1175
05.06.2018,1179
04.06.2018,1164
01.06.2018,1159
31.05.2018,1168
30.05.2018,1152
29.05.2018,1170
28.05.2018,1166
25.05.2018,1174
24.05.2018,1180
23.05.2018,1192
22.05.2018,1193
21.05.2018,1178
18.05.2018,1177
17.05.2018,1195
16.05.2018,1180
15.05.2018,1198
14.05.2018,1193
11.05.2018,1183
10.05.2018,1153
08.05.2018,1147
07.05.2018,1155
04.05.2018,1138
03.05.2018,1133
02.05.2018,1153
30.04.2018,1161
28.04.2018,1166
27.04.2018,1149
26.04.2018,1138
25.04.2018,1147
24.04.2018,1151
23.04.2018,1145
20.04.2018,1154
19.04.2018,1164
18.04.2018,1123
17.04.2018,1119
16.04.2018,1095
13.04.2018,1122
12.04.2018,1110
11.04.2018,1085
10.04.2018,1085
09.04.2018,1230
06.04.2018,1248
05.04.2018,1244
04.04.2018,1239
03.04.2018,1238
02.04.2018,1252
30.03.2018,1253
29.03.2018,1228
28.03.2018,1237
27.03.2018,1238
26.03.2018,1256
23.03.2018,1250
22.03.2018,1280
21.03.2018,1255
20.03.2018,1242
19.03.2018,1259
16.03.2018,1246
15.03.2018,1254
14.03.2018,1279
13.03.2018,1282
12.03.2018,1288
09.03.2018,1270
07.03.2018,1278
06.03.2018,1291
05.03.2018,1270
02.03.2018,1272
01.03.2018,1278
28.02.2018,1308
27.02.2018,1332
26.02.2018,1312
22.02.2018,1285
21.02.2018,1263
20.02.2018,1258
19.02.2018,1259
16.02.2018,1265
15.02.2018,1259
14.02.2018,1231
13.02.2018,1212
12.02.2018,1191
09.02.2018,1191
08.02.2018,1229
07.02.2018,1245
06.02.2018,1229
05.02.2018,1266
02.02.2018,1297
01.02.2018,1284
31.01.2018,1273
30.01.2018,1273
29.01.2018,1285
26.01.2018,1305
25.01.2018,1296
24.01.2018,1284
23.01.2018,1289
22.01.2018,1269
19.01.2018,1280
18.01.2018,1265
17.01.2018,1254
16.01.2018,1264
15.01.2018,1261
12.01.2018,1253
11.01.2018,1233
10.01.2018,1231
09.01.2018,1222
05.01.2018,1216
04.01.2018,1185
03.01.2018,1154
29.12.2017,1151
28.12.2017,1148
27.12.2017,1147
26.12.2017,1144
25.12.2017,1138
22.12.2017,1129
21.12.2017,1127
20.12.2017,1134
19.12.2017,1145
18.12.2017,1149
15.12.2017,1153
14.12.2017,1146
13.12.2017,1143
12.12.2017,1149
11.12.2017,1120
08.12.2017,1121
07.12.2017,1128
06.12.2017,1132
05.12.2017,1134
04.12.2017,1125
01.12.2017,1133
30.11.2017,1140
29.11.2017,1159
28.11.2017,1155
27.11.2017,1165
24.11.2017,1158
23.11.2017,1163
22.11.2017,1148
21.11.2017,1131
20.11.2017,1137
17.11.2017,1127
16.11.2017,1117
15.11.2017,1129
14.11.2017,1149
13.11.2017,1154
10.11.2017,1160
09.11.2017,1149
08.11.2017,1143
07.11.2017,1115
03.11.2017,1122
02.11.2017,1124
01.11.2017,1118
31.10.2017,1122
30.10.2017,1122
27.10.2017,1116
26.10.2017,1117
25.10.2017,1127
24.10.2017,1129
23.10.2017,1136
20.10.2017,1142
19.10.2017,1148
18.10.2017,1149
17.10.2017,1157
16.10.2017,1158
13.10.2017,1144
12.10.2017,1144
11.10.2017,1134
10.10.2017,1131
09.10.2017,1133
06.10.2017,1140
05.10.2017,1134
04.10.2017,1129
03.10.2017,1129
02.10.2017,1138
29.09.2017,1126
28.09.2017,1126
27.09.2017,1128
26.09.2017,1133
25.09.2017,1123
22.09.2017,1120
21.09.2017,1114
20.09.2017,1110
19.09.2017,1115
18.09.2017,1123
15.09.2017,1123
14.09.2017,1116
13.09.2017,1124
12.09.2017,1126
11.09.2017,1119
08.09.2017,1113
07.09.2017,1107
06.09.2017,1096
05.09.2017,1092
04.09.2017,1098
01.09.2017,1098
31.08.2017,1079
30.08.2017,1067
29.08.2017,1070
28.08.2017,1064
25.08.2017,1050
24.08.2017,1044
23.08.2017,1038
22.08.2017,1033
21.08.2017,1031
18.08.2017,1030
17.08.2017,1029
16.08.2017,1030
15.08.2017,1026
14.08.2017,1024
11.08.2017,1023
10.08.2017,1038
09.08.2017,1045
08.08.2017,1033
07.08.2017,1026
04.08.2017,1024
03.08.2017,1022
02.08.2017,1013
01.08.2017,1014
31.07.2017,1014
28.07.2017,1027
27.07.2017,1026
26.07.2017,1014
25.07.2017,1014
24.07.2017,1019
21.07.2017,1040
20.07.2017,1042
19.07.2017,1027
18.07.2017,1038
17.07.2017,1046
14.07.2017,1031
13.07.2017,1024
12.07.2017,1005
11.07.2017,1008
10.07.2017,998
07.07.2017,998
06.07.2017,1008
05.07.2017,1016
04.07.2017,1011
03.07.2017,1008
30.06.2017,996
29.06.2017,1008
28.06.2017,993
27.06.2017,995
26.06.2017,991
23.06.2017,977
22.06.2017,962
21.06.2017,981
20.06.2017,997
19.06.2017,992
16.06.2017,990
15.06.2017,1005
14.06.2017,1029
13.06.2017,1033
09.06.2017,1037
08.06.2017,1031
07.06.2017,1042
06.06.2017,1044
05.06.2017,1047
02.06.2017,1043
01.06.2017,1058
31.05.2017,1077
30.05.2017,1080
29.05.2017,1078
26.05.2017,1075
25.05.2017,1092
24.05.2017,1094
23.05.2017,1084
22.05.2017,1088
19.05.2017,1077
18.05.2017,1097
17.05.2017,1107
16.05.2017,1118
15.05.2017,1101
12.05.2017,1106
11.05.2017,1112
10.05.2017,1094
05.05.2017,1073
04.05.2017,1094
03.05.2017,1118
02.05.2017,1118
28.04.2017,1117
27.04.2017,1115
26.04.2017,1122
25.04.2017,1118
24.04.2017,1090
21.04.2017,1083
20.04.2017,1064
19.04.2017,1075
18.04.2017,1095
17.04.2017,1071
14.04.2017,1088
13.04.2017,1087
12.04.2017,1098
11.04.2017,1084
10.04.2017,1110
07.04.2017,1143
06.04.2017,1146
05.04.2017,1139
04.04.2017,1127
03.04.2017,1118
31.03.2017,1135
30.03.2017,1126
29.03.2017,1122
28.03.2017,1116
27.03.2017,1126
24.03.2017,1123
23.03.2017,1125
22.03.2017,1115
21.03.2017,1124
20.03.2017,1122
17.03.2017,1098
16.03.2017,1079
15.03.2017,1066
14.03.2017,1072
13.03.2017,1053
10.03.2017,1050
09.03.2017,1088
07.03.2017,1108
06.03.2017,1112
03.03.2017,1095
02.03.2017,1114
01.03.2017,1099
28.02.2017,1116
27.02.2017,1130
24.02.2017,1143
22.02.2017,1168
21.02.2017,1151
20.02.2017,1149
17.02.2017,1175
16.02.2017,1176
15.02.2017,1180
14.02.2017,1174
13.02.2017,1171
10.02.2017,1163
09.02.2017,1165
08.02.2017,1176
07.02.2017,1182
06.02.2017,1190
03.02.2017,1176
02.02.2017,1169
01.02.2017,1162
31.01.2017,1174
30.01.2017,1192
27.01.2017,1160
26.01.2017,1153
25.01.2017,1156
24.01.2017,1136
23.01.2017,1138
20.01.2017,1140
19.01.2017,1148
18.01.2017,1156
17.01.2017,1152
16.01.2017,1158
13.01.2017,1175
12.01.2017,1173
11.01.2017,1169
10.01.2017,1158
09.01.2017,1172
06.01.2017,1177
05.01.2017,1180
04.01.2017,1181
03.01.2017,1147
30.12.2016,1150
29.12.2016,1139
28.12.2016,1137
27.12.2016,1123
26.12.2016,1121
23.12.2016,1123
22.12.2016,1135
21.12.2016,1141
20.12.2016,1126
19.12.2016,1133
16.12.2016,1142
15.12.2016,1125
14.12.2016,1168
13.12.2016,1148
12.12.2016,1118
09.12.2016,1100
08.12.2016,1080
07.12.2016,1062
06.12.2016,1065
05.12.2016,1048
02.12.2016,1044
01.12.2016,1036
30.11.2016,1010
29.11.2016,1016
28.11.2016,1017
25.11.2016,1026
24.11.2016,1019
23.11.2016,1022
22.11.2016,1016
21.11.2016,995
18.11.2016,992
17.11.2016,987
16.11.2016,993
15.11.2016,966
14.11.2016,974
11.11.2016,983
10.11.2016,995
09.11.2016,959
08.11.2016,970
07.11.2016,973
03.11.2016,977
02.11.2016,989
01.11.2016,989
31.10.2016,992
28.10.2016,994
27.10.2016,989
26.10.2016,999
25.10.2016,995
24.10.2016,990
21.10.2016,986
20.10.2016,994
19.10.2016,988
18.10.2016,977
17.10.2016,982
14.10.2016,987
13.10.2016,995
12.10.2016,1005
11.10.2016,1016
10.10.2016,1003
07.10.2016,1007
06.10.2016,996
05.10.2016,997
04.10.2016,1005
03.10.2016,993
30.09.2016,993
29.09.2016,998
28.09.2016,975
27.09.2016,985
26.09.2016,985
23.09.2016,1000
22.09.2016,990
21.09.2016,970
20.09.2016,967
19.09.2016,960
16.09.2016,971
15.09.2016,968
14.09.2016,966
13.09.2016,985
12.09.2016,980
09.09.2016,1006
08.09.2016,1011
07.09.2016,996
06.09.2016,978
05.09.2016,972
02.09.2016,945
01.09.2016,952
31.08.2016,958
30.08.2016,967
29.08.2016,964
26.08.2016,966
25.08.2016,958
24.08.2016,969
23.08.2016,960
22.08.2016,964
19.08.2016,976
18.08.2016,972
17.08.2016,973
16.08.2016,972
15.08.2016,958
12.08.2016,957
11.08.2016,942
10.08.2016,951
09.08.2016,952
08.08.2016,936
05.08.2016,932
04.08.2016,915
03.08.2016,904
02.08.2016,916
01.08.2016,930
29.07.2016,923
28.07.2016,925
27.07.2016,926
26.07.2016,930
25.07.2016,937
22.07.2016,941
21.07.2016,948
20.07.2016,949
19.07.2016,962
18.07.2016,961
15.07.2016,968
14.07.2016,956
13.07.2016,955
12.07.2016,939
11.07.2016,931
08.07.2016,914
07.07.2016,925
06.07.2016,926
05.07.2016,938
04.07.2016,937
01.07.2016,931
30.06.2016,931
29.06.2016,915
28.06.2016,890
27.06.2016,909
24.06.2016,920
23.06.2016,919
22.06.2016,942
21.06.2016,932
20.06.2016,917
17.06.2016,898
16.06.2016,905
15.06.2016,897
14.06.2016,916
10.06.2016,943
09.06.2016,966
08.06.2016,952
07.06.2016,925
06.06.2016,908
03.06.2016,892
02.06.2016,889
01.06.2016,897
31.05.2016,927
30.05.2016,920
27.05.2016,915
26.05.2016,916
25.05.2016,899
24.05.2016,880
23.05.2016,891
20.05.2016,896
19.05.2016,910
18.05.2016,928
17.05.2016,928
16.05.2016,920
13.05.2016,923
12.05.2016,926
11.05.2016,898
10.05.2016,905
06.05.2016,911
05.05.2016,911
04.05.2016,941
29.04.2016,959
28.04.2016,936
27.04.2016,943
26.04.2016,924
25.04.2016,930
22.04.2016,920
21.04.2016,952
20.04.2016,920
19.04.2016,903
18.04.2016,896
15.04.2016,911
14.04.2016,917
13.04.2016,912
12.04.2016,899
11.04.2016,880
08.04.2016,862
07.04.2016,869
06.04.2016,856
05.04.2016,852
04.04.2016,864
01.04.2016,874
31.03.2016,860
30.03.2016,857
29.03.2016,850
28.03.2016,861
25.03.2016,859
24.03.2016,858
23.03.2016,886
22.03.2016,885
21.03.2016,878
18.03.2016,875
17.03.2016,854
16.03.2016,823
15.03.2016,842
14.03.2016,845
11.03.2016,832
10.03.2016,835
09.03.2016,837
07.03.2016,823
04.03.2016,802
03.03.2016,792
02.03.2016,795
01.03.2016,771
29.02.2016,749
26.02.2016,759
25.02.2016,749
24.02.2016,757
22.02.2016,733
20.02.2016,729
19.02.2016,741
18.02.2016,742
17.02.2016,708
16.02.2016,713
15.02.2016,698
12.02.2016,678
11.02.2016,692
10.02.2016,681
09.02.2016,697
08.02.2016,724
05.02.2016,732
04.02.2016,723
03.02.2016,692
02.02.2016,721
01.02.2016,744
29.01.2016,731
28.01.2016,707
27.01.2016,686
26.01.2016,671
25.01.2016,696
22.01.2016,645
21.01.2016,631
20.01.2016,653
19.01.2016,649
18.01.2016,649
15.01.2016,693
14.01.2016,690
13.01.2016,694
12.01.2016,693
11.01.2016,723
06.01.2016,753
05.01.2016,747
04.01.2016,755
30.12.2015,769
29.12.2015,754
28.12.2015,772
25.12.2015,781
24.12.2015,790
23.12.2015,760
22.12.2015,760
21.12.2015,765
18.12.2015,788
17.12.2015,786
16.12.2015,785
15.12.2015,764
14.12.2015,768
11.12.2015,789
10.12.2015,787
09.12.2015,780
08.12.2015,789
07.12.2015,812
04.12.2015,831
03.12.2015,827
02.12.2015,839
01.12.2015,845
30.11.2015,851
27.11.2015,873
26.11.2015,881
25.11.2015,870
24.11.2015,894
23.11.2015,887
20.11.2015,881
19.11.2015,885
18.11.2015,864
17.11.2015,834
16.11.2015,815
13.11.2015,824
12.11.2015,839
11.11.2015,852
10.11.2015,853
09.11.2015,856
06.11.2015,878
05.11.2015,889
03.11.2015,856
02.11.2015,843
30.10.2015,837
29.10.2015,852
28.10.2015,837
27.10.2015,856
26.10.2015,873
23.10.2015,863
22.10.2015,855
21.10.2015,873
20.10.2015,868
19.10.2015,881
16.10.2015,885
15.10.2015,867
14.10.2015,858
13.10.2015,866
12.10.2015,883
09.10.2015,865
08.10.2015,841
07.10.2015,831
06.10.2015,804
05.10.2015,769
02.10.2015,781
01.10.2015,791
30.09.2015,784
29.09.2015,769
28.09.2015,788
25.09.2015,771
24.09.2015,779
23.09.2015,792
22.09.2015,810
21.09.2015,814
18.09.2015,828
17.09.2015,836
16.09.2015,811
15.09.2015,807
14.09.2015,797
11.09.2015,800
10.09.2015,789
09.09.2015,797
08.09.2015,777
07.09.2015,787
04.09.2015,801
03.09.2015,796
02.09.2015,799
01.09.2015,844
31.08.2015,826
28.08.2015,809
27.08.2015,762
26.08.2015,756
25.08.2015,727
24.08.2015,747
21.08.2015,788
20.08.2015,791
19.08.2015,809
18.08.2015,824
17.08.2015,831
14.08.2015,828
13.08.2015,833
12.08.2015,829
11.08.2015,850
10.08.2015,832
07.08.2015,824
06.08.2015,839
05.08.2015,838
04.08.2015,828
03.08.2015,852
31.07.2015,863
30.07.2015,868
29.07.2015,843
28.07.2015,838
27.07.2015,859
24.07.2015,882
23.07.2015,896
22.07.2015,904
21.07.2015,899
20.07.2015,912
17.07.2015,916
16.07.2015,907
15.07.2015,909
14.07.2015,914
13.07.2015,903
10.07.2015,890
09.07.2015,876
08.07.2015,890
07.07.2015,899
06.07.2015,914
03.07.2015,931
02.07.2015,927
01.07.2015,940
30.06.2015,926
29.06.2015,938
26.06.2015,940
25.06.2015,951
24.06.2015,966
23.06.2015,978
22.06.2015,969
19.06.2015,980
18.06.2015,973
17.06.2015,978
16.06.2015,957
15.06.2015,947
11.06.2015,958
10.06.2015,944
09.06.2015,926
08.06.2015,924
05.06.2015,916
04.06.2015,946
03.06.2015,977
02.06.2015,953
01.06.2015,975
29.05.2015,992
28.05.2015,1008
27.05.2015,1022
26.05.2015,1044
25.05.2015,1050
22.05.2015,1044
21.05.2015,1035
20.05.2015,1056
19.05.2015,1076
18.05.2015,1075
15.05.2015,1057
14.05.2015,1077
13.05.2015,1072
12.05.2015,1058
08.05.2015,1058
07.05.2015,1059
06.05.2015,1074
05.05.2015,1033
30.04.2015,1031
29.04.2015,1027
28.04.2015,1016
27.04.2015,1041
24.04.2015,1030
23.04.2015,1009
22.04.2015,1004
21.04.2015,995
20.04.2015,1004
17.04.2015,1065
16.04.2015,1060
15.04.2015,1017
14.04.2015,1011
13.04.2015,984
10.04.2015,1008
09.04.2015,987
08.04.2015,969
07.04.2015,967
06.04.2015,934
03.04.2015,934
02.04.2015,908
01.04.2015,878
31.03.2015,881
30.03.2015,855
27.03.2015,870
26.03.2015,889
25.03.2015,882
24.03.2015,859
23.03.2015,868
20.03.2015,845
19.03.2015,866
18.03.2015,826
17.03.2015,816
16.03.2015,825
13.03.2015,856
12.03.2015,855
11.03.2015,842
10.03.2015,896
06.03.2015,913
05.03.2015,896
04.03.2015,918
03.03.2015,899
02.03.2015,901
27.02.2015,905
26.02.2015,897
25.02.2015,888
24.02.2015,897
20.02.2015,912
19.02.2015,927
18.02.2015,906
17.02.2015,897
16.02.2015,912
13.02.2015,876
12.02.2015,853
11.02.2015,845
10.02.2015,836
09.02.2015,827
06.02.2015,805
05.02.2015,765
04.02.2015,797
03.02.2015,752
02.02.2015,754
30.01.2015,751
29.01.2015,762
28.01.2015,790
27.01.2015,756
26.01.2015,815
23.01.2015,821
22.01.2015,782
21.01.2015,760
20.01.2015,765
19.01.2015,769
16.01.2015,754
15.01.2015,756
14.01.2015,738
13.01.2015,755
12.01.2015,776
09.01.2015,810
08.01.2015,746
06.01.2015,755
05.01.2015,785
30.12.2014,774
29.12.2014,827
26.12.2014,845
25.12.2014,820
24.12.2014,800
23.12.2014,811
22.12.2014,779
19.12.2014,753
18.12.2014,739
17.12.2014,667
16.12.2014,710
15.12.2014,792
12.12.2014,814
11.12.2014,855
10.12.2014,861
09.12.2014,867
08.12.2014,912
05.12.2014,917
04.12.2014,948
03.12.2014,925
02.12.2014,964
01.12.2014,963
28.11.2014,997
27.11.2014,1024
26.11.2014,1045
25.11.2014,1073
24.11.2014,1060
21.11.2014,1043
20.11.2014,1021
19.11.2014,1020
18.11.2014,1007
17.11.2014,1001
14.11.2014,1008
13.11.2014,1042
12.11.2014,1030
11.11.2014,1042
10.11.2014,1011
07.11.2014,1011
06.11.2014,1050
05.11.2014,1071
03.11.2014,1085
31.10.2014,1103
30.10.2014,1056
29.10.2014,1052
28.10.2014,1039
27.10.2014,1041
24.10.2014,1035
23.10.2014,1045
22.10.2014,1066
21.10.2014,1054
20.10.2014,1075
17.10.2014,1051
16.10.2014,1068
15.10.2014,1072
14.10.2014,1077
13.10.2014,1061
10.10.2014,1081
09.10.2014,1092
08.10.2014,1102
07.10.2014,1120
06.10.2014,1096
03.10.2014,1093
02.10.2014,1111
01.10.2014,1122
30.09.2014,1127
29.09.2014,1159
26.09.2014,1171
25.09.2014,1191
24.09.2014,1168
23.09.2014,1152
22.09.2014,1168
19.09.2014,1188
18.09.2014,1189
17.09.2014,1199
16.09.2014,1195
15.09.2014,1212
12.09.2014,1217
11.09.2014,1242
10.09.2014,1243
09.09.2014,1246
08.09.2014,1254
05.09.2014,1237
04.09.2014,1241
03.09.2014,1179
02.09.2014,1177
01.09.2014,1192
29.08.2014,1218
28.08.2014,1259
27.08.2014,1262
26.08.2014,1267
25.08.2014,1260
22.08.2014,1275
21.08.2014,1256
20.08.2014,1251
19.08.2014,1244
18.08.2014,1233
15.08.2014,1231
14.08.2014,1221
13.08.2014,1198
12.08.2014,1203
11.08.2014,1181
08.08.2014,1156
07.08.2014,1158
06.08.2014,1189
05.08.2014,1213
04.08.2014,1213
01.08.2014,1215
31.07.2014,1223
30.07.2014,1202
29.07.2014,1208
28.07.2014,1242
25.07.2014,1264
24.07.2014,1269
23.07.2014,1268
22.07.2014,1244
21.07.2014,1277
18.07.2014,1278
17.07.2014,1336
16.07.2014,1342
15.07.2014,1358
14.07.2014,1379
11.07.2014,1384
10.07.2014,1408
09.07.2014,1391
08.07.2014,1383
07.07.2014,1359
04.07.2014,1389
03.07.2014,1391
02.07.2014,1361
01.07.2014,1361
30.06.2014,1379
27.06.2014,1378
26.06.2014,1385
25.06.2014,1412
24.06.2014,1373
23.06.2014,1361
20.06.2014,1368
19.06.2014,1372
18.06.2014,1344
17.06.2014,1357
16.06.2014,1356
11.06.2014,1367
10.06.2014,1363
09.06.2014,1359
06.06.2014,1337
05.06.2014,1326
04.06.2014,1321
03.06.2014,1318
02.06.2014,1297
30.05.2014,1315
29.05.2014,1301
28.05.2014,1297
27.05.2014,1335
26.05.2014,1328
23.05.2014,1311
22.05.2014,1322
21.05.2014,1298
20.05.2014,1291
19.05.2014,1262
16.05.2014,1250
15.05.2014,1262
14.05.2014,1254
13.05.2014,1234
12.05.2014,1233
08.05.2014,1230
07.05.2014,1169
06.05.2014,1144
05.05.2014,1144
02.05.2014,1151
30.04.2014,1153
29.04.2014,1149
28.04.2014,1114
25.04.2014,1140
24.04.2014,1174
23.04.2014,1178
22.04.2014,1186
21.04.2014,1200
18.04.2014,1194
17.04.2014,1157
16.04.2014,1146
15.04.2014,1175
14.04.2014,1200
11.04.2014,1199
10.04.2014,1196
09.04.2014,1195
08.04.2014,1194
07.04.2014,1225
04.04.2014,1213
03.04.2014,1222
02.04.2014,1236
01.04.2014,1227
31.03.2014,1187
28.03.2014,1180
27.03.2014,1193
26.03.2014,1176
25.03.2014,1135
24.03.2014,1135
21.03.2014,1127
20.03.2014,1142
19.03.2014,1160
18.03.2014,1121
17.03.2014,1070
14.03.2014,1064
13.03.2014,1104
12.03.2014,1126
11.03.2014,1153
07.03.2014,1163
06.03.2014,1182
05.03.2014,1188
04.03.2014,1121
03.03.2014,1239
28.02.2014,1262
27.02.2014,1285
26.02.2014,1306
25.02.2014,1321
24.02.2014,1315
21.02.2014,1305
20.02.2014,1300
19.02.2014,1342
18.02.2014,1347
17.02.2014,1343
14.02.2014,1321
13.02.2014,1353
12.02.2014,1341
11.02.2014,1336
10.02.2014,1341
07.02.2014,1330
06.02.2014,1317
05.02.2014,1291
04.02.2014,1293
03.02.2014,1301
31.01.2014,1320
30.01.2014,1308
29.01.2014,1332
28.01.2014,1346
27.01.2014,1364
24.01.2014,1381
23.01.2014,1391
22.01.2014,1395
21.01.2014,1394
20.01.2014,1395
17.01.2014,1397
16.01.2014,1401
15.01.2014,1388
14.01.2014,1401
13.01.2014,1395
10.01.2014,1388
09.01.2014,1390
08.01.2014,1388
06.01.2014,1442
30.12.2013,1445
27.12.2013,1448
26.12.2013,1447
25.12.2013,1454
24.12.2013,1453
23.12.2013,1429
20.12.2013,1431
19.12.2013,1423
18.12.2013,1414
17.12.2013,1407
16.12.2013,1391
13.12.2013,1393
12.12.2013,1409
11.12.2013,1409
10.12.2013,1412
09.12.2013,1390
06.12.2013,1362
05.12.2013,1364
04.12.2013,1372
03.12.2013,1398
02.12.2013,1402
29.11.2013,1406
28.11.2013,1404
27.11.2013,1416
26.11.2013,1433
25.11.2013,1444
22.11.2013,1425
21.11.2013,1447
20.11.2013,1455
19.11.2013,1462
18.11.2013,1444
15.11.2013,1434
14.11.2013,1406
13.11.2013,1437
12.11.2013,1427
11.11.2013,1435
08.11.2013,1468
07.11.2013,1458
06.11.2013,1460
05.11.2013,1475
01.11.2013,1480
31.10.2013,1493
30.10.2013,1491
29.10.2013,1493
28.10.2013,1492
25.10.2013,1493
24.10.2013,1494
23.10.2013,1518
22.10.2013,1514
21.10.2013,1516
18.10.2013,1491
17.10.2013,1500
16.10.2013,1495
15.10.2013,1473
14.10.2013,1477
11.10.2013,1484
10.10.2013,1461
09.10.2013,1471
08.10.2013,1444
07.10.2013,1443
04.10.2013,1427
03.10.2013,1421
02.10.2013,1438
01.10.2013,1422
30.09.2013,1432
27.09.2013,1451
26.09.2013,1452
25.09.2013,1446
24.09.2013,1451
23.09.2013,1462
20.09.2013,1478
19.09.2013,1429
18.09.2013,1439
17.09.2013,1436
16.09.2013,1396
13.09.2013,1401
12.09.2013,1394
11.09.2013,1390
10.09.2013,1380
09.09.2013,1345
06.09.2013,1339
05.09.2013,1298
04.09.2013,1293
03.09.2013,1291
02.09.2013,1290
30.08.2013,1300
29.08.2013,1299
28.08.2013,1304
27.08.2013,1324
26.08.2013,1330
23.08.2013,1329
22.08.2013,1312
21.08.2013,1317
20.08.2013,1322
19.08.2013,1323
16.08.2013,1327
15.08.2013,1356
14.08.2013,1338
13.08.2013,1326
12.08.2013,1325
09.08.2013,1303
08.08.2013,1301
07.08.2013,1304
06.08.2013,1333
05.08.2013,1336
02.08.2013,1331
01.08.2013,1313
31.07.2013,1326
30.07.2013,1341
29.07.2013,1348
26.07.2013,1353
25.07.2013,1369
24.07.2013,1379
23.07.2013,1380
22.07.2013,1382
19.07.2013,1377
18.07.2013,1393
17.07.2013,1368
16.07.2013,1354
15.07.2013,1348
12.07.2013,1322
11.07.2013,1275
10.07.2013,1282
09.07.2013,1277
08.07.2013,1268
05.07.2013,1280
04.07.2013,1264
03.07.2013,1274
02.07.2013,1276
01.07.2013,1275
28.06.2013,1262
27.06.2013,1261
26.06.2013,1243
25.06.2013,1233
24.06.2013,1245
21.06.2013,1243
20.06.2013,1291
19.06.2013,1314
18.06.2013,1314
17.06.2013,1293
14.06.2013,1261
13.06.2013,1263
11.06.2013,1300
10.06.2013,1314
07.06.2013,1286
06.06.2013,1301
05.06.2013,1322
04.06.2013,1319
03.06.2013,1331
31.05.2013,1350
30.05.2013,1360
29.05.2013,1399
28.05.2013,1385
27.05.2013,1388
24.05.2013,1400
23.05.2013,1461
22.05.2013,1433
21.05.2013,1417
20.05.2013,1405
17.05.2013,1380
16.05.2013,1391
15.05.2013,1412
14.05.2013,1422
13.05.2013,1429
10.05.2013,1452
08.05.2013,1451
07.05.2013,1432
06.05.2013,1429
03.05.2013,1387
02.05.2013,1407
30.04.2013,1387
29.04.2013,1382
26.04.2013,1387
25.04.2013,1375
24.04.2013,1333
23.04.2013,1329
22.04.2013,1336
19.04.2013,1327
18.04.2013,1327
17.04.2013,1356
16.04.2013,1366
15.04.2013,1405
12.04.2013,1433
11.04.2013,1453
10.04.2013,1439
09.04.2013,1419
08.04.2013,1411
05.04.2013,1419
04.04.2013,1425
03.04.2013,1440
02.04.2013,1445
01.04.2013,1460
29.03.2013,1454
28.03.2013,1446
27.03.2013,1445
26.03.2013,1458
25.03.2013,1470
22.03.2013,1485
21.03.2013,1489
20.03.2013,1478
19.03.2013,1494
18.03.2013,1537
15.03.2013,1535
14.03.2013,1531
13.03.2013,1542
12.03.2013,1539
11.03.2013,1532
07.03.2013,1529
06.03.2013,1523
05.03.2013,1498
04.03.2013,1509
01.03.2013,1534
28.02.2013,1530
27.02.2013,1531
26.02.2013,1565
25.02.2013,1551
22.02.2013,1545
21.02.2013,1582
20.02.2013,1592
19.02.2013,1578
18.02.2013,1577
15.02.2013,1588
14.02.2013,1612
13.02.2013,1582
12.02.2013,1581
11.02.2013,1590
08.02.2013,1595
07.02.2013,1602
06.02.2013,1614
05.02.2013,1612
04.02.2013,1628
01.02.2013,1621
31.01.2013,1618
30.01.2013,1623
29.01.2013,1635
28.01.2013,1618
25.01.2013,1604
24.01.2013,1605
23.01.2013,1589
22.01.2013,1600
21.01.2013,1603
18.01.2013,1585
17.01.2013,1571
16.01.2013,1576
15.01.2013,1590
14.01.2013,1571
11.01.2013,1572
10.01.2013,1568
09.01.2013,1576
08.01.2013,1526
28.12.2012,1535
27.12.2012,1526
26.12.2012,1513
25.12.2012,1515
24.12.2012,1512
21.12.2012,1528
20.12.2012,1517
19.12.2012,1511
18.12.2012,1491
17.12.2012,1500
14.12.2012,1499
13.12.2012,1506
12.12.2012,1484
11.12.2012,1480
10.12.2012,1473
07.12.2012,1467
06.12.2012,1469
05.12.2012,1443
04.12.2012,1451
03.12.2012,1437
30.11.2012,1420
29.11.2012,1397
28.11.2012,1417
27.11.2012,1426
26.11.2012,1432
23.11.2012,1419
22.11.2012,1420
21.11.2012,1403
20.11.2012,1399
19.11.2012,1376
16.11.2012,1381
15.11.2012,1367
14.11.2012,1363
13.11.2012,1404
12.11.2012,1397
09.11.2012,1410
08.11.2012,1426
07.11.2012,1448
06.11.2012,1444
02.11.2012,1443
01.11.2012,1433
31.10.2012,1429
30.10.2012,1435
29.10.2012,1441
26.10.2012,1456
25.10.2012,1462
24.10.2012,1457
23.10.2012,1499
22.10.2012,1494
19.10.2012,1512
18.10.2012,1513
17.10.2012,1488
16.10.2012,1466
15.10.2012,1472
12.10.2012,1490
11.10.2012,1483
10.10.2012,1493
09.10.2012,1492
08.10.2012,1508
05.10.2012,1483
04.10.2012,1492
03.10.2012,1507
02.10.2012,1513
01.10.2012,1475
28.09.2012,1474
27.09.2012,1459
26.09.2012,1510
25.09.2012,1509
24.09.2012,1522
21.09.2012,1516
20.09.2012,1517
19.09.2012,1547
18.09.2012,1582
17.09.2012,1589
14.09.2012,1484
13.09.2012,1482
12.09.2012,1480
11.09.2012,1476
10.09.2012,1471
07.09.2012,1437
06.09.2012,1390
05.09.2012,1405
04.09.2012,1406
03.09.2012,1386
31.08.2012,1384
30.08.2012,1410
29.08.2012,1428
28.08.2012,1431
27.08.2012,1436
24.08.2012,1442
23.08.2012,1430
22.08.2012,1442
21.08.2012,1403
20.08.2012,1416
17.08.2012,1431
16.08.2012,1427
15.08.2012,1445
14.08.2012,1435
13.08.2012,1430
10.08.2012,1447
09.08.2012,1444
08.08.2012,1445
07.08.2012,1436
06.08.2012,1398
03.08.2012,1351
02.08.2012,1374
01.08.2012,1377
31.07.2012,1398
30.07.2012,1382
27.07.2012,1350
26.07.2012,1317
25.07.2012,1314
24.07.2012,1323
23.07.2012,1391
20.07.2012,1413
19.07.2012,1390
18.07.2012,1382
17.07.2012,1374
16.07.2012,1368
13.07.2012,1340
12.07.2012,1355
11.07.2012,1361
10.07.2012,1352
09.07.2012,1357
06.07.2012,1388
05.07.2012,1407
04.07.2012,1407
03.07.2012,1357
02.07.2012,1350
29.06.2012,1280
28.06.2012,1306
27.06.2012,1288
26.06.2012,1261
25.06.2012,1281
22.06.2012,1306
21.06.2012,1332
20.06.2012,1350
19.06.2012,1348
18.06.2012,1337
15.06.2012,1304
14.06.2012,1309
13.06.2012,1296
09.06.2012,1282
08.06.2012,1303
07.06.2012,1277
06.06.2012,1246
05.06.2012,1239
04.06.2012,1227
01.06.2012,1242
31.05.2012,1273
30.05.2012,1307
29.05.2012,1277
28.05.2012,1272
25.05.2012,1287
24.05.2012,1264
23.05.2012,1321
22.05.2012,1318
21.05.2012,1289
18.05.2012,1313
17.05.2012,1373
16.05.2012,1400
15.05.2012,1401
14.05.2012,1453
12.05.2012,1463
11.05.2012,1489
10.05.2012,1481
08.05.2012,1488
07.05.2012,1489
05.05.2012,1498
04.05.2012,1560
03.05.2012,1569
02.05.2012,1593
28.04.2012,1594
27.04.2012,1574
26.04.2012,1583
25.04.2012,1576
24.04.2012,1572
23.04.2012,1619
20.04.2012,1609
19.04.2012,1583
18.04.2012,1585
17.04.2012,1587
16.04.2012,1612
13.04.2012,1618
12.04.2012,1615
11.04.2012,1606
10.04.2012,1622
09.04.2012,1612
06.04.2012,1642
05.04.2012,1632
04.04.2012,1680
03.04.2012,1643
02.04.2012,1637
30.03.2012,1613
29.03.2012,1647
28.03.2012,1698
27.03.2012,1712
26.03.2012,1668
23.03.2012,1653
22.03.2012,1684
21.03.2012,1693
20.03.2012,1722
19.03.2012,1748
16.03.2012,1754
15.03.2012,1752
14.03.2012,1729
13.03.2012,1714
12.03.2012,1721
11.03.2012,1678
07.03.2012,1676
06.03.2012,1751
05.03.2012,1726
02.03.2012,1723
01.03.2012,1734
29.02.2012,1708
28.02.2012,1728
27.02.2012,1722
24.02.2012,1642
22.02.2012,1653
21.02.2012,1674
20.02.2012,1656
17.02.2012,1642
16.02.2012,1661
15.02.2012,1644
14.02.2012,1646
13.02.2012,1603
10.02.2012,1638
09.02.2012,1643
08.02.2012,1633
07.02.2012,1626
06.02.2012,1625
03.02.2012,1603
02.02.2012,1599
01.02.2012,1577
31.01.2012,1546
30.01.2012,1566
27.01.2012,1573
26.01.2012,1534
25.01.2012,1514
24.01.2012,1525
23.01.2012,1496
20.01.2012,1503
19.01.2012,1488
18.01.2012,1476
17.01.2012,1455
16.01.2012,1446
13.01.2012,1458
12.01.2012,1452
11.01.2012,1469
10.01.2012,1429
09.01.2012,1423
06.01.2012,1415
05.01.2012,1434
04.01.2012,1434
03.01.2012,1381
30.12.2011,1365
29.12.2011,1379
28.12.2011,1398
27.12.2011,1413
26.12.2011,1394
23.12.2011,1396
22.12.2011,1381
21.12.2011,1395
20.12.2011,1370
19.12.2011,1373
16.12.2011,1395
15.12.2011,1369
14.12.2011,1387
13.12.2011,1363
12.12.2011,1410
09.12.2011,1472
08.12.2011,1467
07.12.2011,1485
06.12.2011,1559
05.12.2011,1547
02.12.2011,1546
01.12.2011,1541
30.11.2011,1467
29.11.2011,1475
28.11.2011,1413
25.11.2011,1402
24.11.2011,1422
23.11.2011,1431
22.11.2011,1424
21.11.2011,1495
18.11.2011,1512
17.11.2011,1520
16.11.2011,1526
15.11.2011,1527
14.11.2011,1531
11.11.2011,1529
10.11.2011,1512
09.11.2011,1579
08.11.2011,1563
07.11.2011,1543
03.11.2011,1526
02.11.2011,1484
01.11.2011,1563
31.10.2011,1610
28.10.2011,1592
27.10.2011,1530
26.10.2011,1500
25.10.2011,1508
24.10.2011,1456
21.10.2011,1422
20.10.2011,1438
19.10.2011,1427
18.10.2011,1427
17.10.2011,1449
14.10.2011,1396
13.10.2011,1406
12.10.2011,1355
11.10.2011,1365
10.10.2011,1311
07.10.2011,1271
06.10.2011,1217
05.10.2011,1223
04.10.2011,1291
03.10.2011,1341
30.09.2011,1389
29.09.2011,1367
28.09.2011,1369
27.09.2011,1316
26.09.2011,1315
23.09.2011,1387
22.09.2011,1518
21.09.2011,1535
20.09.2011,1526
19.09.2011,1574
16.09.2011,1603
15.09.2011,1570
14.09.2011,1572
13.09.2011,1566
12.09.2011,1625
09.09.2011,1675
08.09.2011,1669
07.09.2011,1618
06.09.2011,1616
05.09.2011,1657
02.09.2011,1701
01.09.2011,1702
31.08.2011,1662
30.08.2011,1667
29.08.2011,1596
26.08.2011,1583
25.08.2011,1596
24.08.2011,1578
23.08.2011,1576
22.08.2011,1575
19.08.2011,1587
18.08.2011,1663
17.08.2011,1633
16.08.2011,1655
15.08.2011,1594
12.08.2011,1544
11.08.2011,1537
10.08.2011,1610
09.08.2011,1657
08.08.2011,1798
05.08.2011,1855
04.08.2011,1901
03.08.2011,1965
02.08.2011,1985
01.08.2011,1965
29.07.2011,1985
28.07.2011,1976
27.07.2011,1987
26.07.2011,1980
25.07.2011,1977
22.07.2011,1972
21.07.2011,1936
20.07.2011,1926
19.07.2011,1904
18.07.2011,1938
15.07.2011,1939
14.07.2011,1940
13.07.2011,1917
12.07.2011,1919
11.07.2011,1957
08.07.2011,1978
07.07.2011,1939
06.07.2011,1952
05.07.2011,1948
04.07.2011,1936
01.07.2011,1906
30.06.2011,1894
29.06.2011,1874
28.06.2011,1842
27.06.2011,1856
24.06.2011,1829
23.06.2011,1878
22.06.2011,1872
21.06.2011,1858
20.06.2011,1878
17.06.2011,1896
16.06.2011,1919
15.06.2011,1925
14.06.2011,1920
10.06.2011,1940
09.06.2011,1913
08.06.2011,1904
07.06.2011,1865
06.06.2011,1858
03.06.2011,1883
02.06.2011,1876
01.06.2011,1888
31.05.2011,1865
30.05.2011,1858
27.05.2011,1815
26.05.2011,1808
25.05.2011,1801
24.05.2011,1764
23.05.2011,1825
20.05.2011,1858
19.05.2011,1849
18.05.2011,1827
17.05.2011,1846
16.05.2011,1866
13.05.2011,1864
12.05.2011,1908
11.05.2011,1927
10.05.2011,1936
06.05.2011,1916
05.05.2011,1950
04.05.2011,1976
03.05.2011,2026
29.04.2011,2028
28.04.2011,2015
27.04.2011,2033
26.04.2011,2030
25.04.2011,2049
22.04.2011,2039
21.04.2011,2030
20.04.2011,1988
19.04.2011,1950
18.04.2011,2030
15.04.2011,2028
14.04.2011,2062
13.04.2011,2062
12.04.2011,2113
11.04.2011,2123
08.04.2011,2089
07.04.2011,2110
06.04.2011,2088
05.04.2011,2092
04.04.2011,2080
01.04.2011,2044
31.03.2011,2035
30.03.2011,2018
29.03.2011,2045
28.03.2011,2043
25.03.2011,2030
24.03.2011,1997
23.03.2011,1976
22.03.2011,1981
21.03.2011,1962
18.03.2011,1945
17.03.2011,1915
16.03.2011,1906
15.03.2011,1944
14.03.2011,1929
11.03.2011,1949
10.03.2011,2012
09.03.2011,2028
05.03.2011,2012
04.03.2011,2017
03.03.2011,1991
02.03.2011,1968
01.03.2011,1971
28.02.2011,1932
25.02.2011,1901
24.02.2011,1874
22.02.2011,1889
21.02.2011,1868
18.02.2011,1869
17.02.2011,1877
16.02.2011,1865
15.02.2011,1879
14.02.2011,1881
11.02.2011,1846
10.02.2011,1900
09.02.2011,1910
08.02.2011,1935
07.02.2011,1928
04.02.2011,1917
03.02.2011,1931
02.02.2011,1910
01.02.2011,1870
31.01.2011,1884
28.01.2011,1911
27.01.2011,1894
26.01.2011,1863
25.01.2011,1861
24.01.2011,1884
21.01.2011,1868
20.01.2011,1902
19.01.2011,1900
18.01.2011,1901
17.01.2011,1870
14.01.2011,1879
13.01.2011,1868
12.01.2011,1802
11.01.2011,1770
30.12.2010,1767
29.12.2010,1769
28.12.2010,1763
27.12.2010,1769
24.12.2010,1765
23.12.2010,1763
22.12.2010,1755
21.12.2010,1739
20.12.2010,1743
17.12.2010,1744
16.12.2010,1757
15.12.2010,1745
14.12.2010,1735
13.12.2010,1712
10.12.2010,1711
09.12.2010,1694
08.12.2010,1721
07.12.2010,1711
06.12.2010,1687
03.12.2010,1665
02.12.2010,1633
01.12.2010,1597
30.11.2010,1589
29.11.2010,1602
26.11.2010,1618
25.11.2010,1600
24.11.2010,1573
23.11.2010,1599
22.11.2010,1600
19.11.2010,1598
18.11.2010,1570
17.11.2010,1568
16.11.2010,1609
15.11.2010,1606
13.11.2010,1610
12.11.2010,1629
11.11.2010,1637
10.11.2010,1659
09.11.2010,1629
08.11.2010,1603
03.11.2010,1604
02.11.2010,1600
01.11.2010,1586
29.10.2010,1583
28.10.2010,1583
27.10.2010,1609
26.10.2010,1620
25.10.2010,1608
22.10.2010,1604
21.10.2010,1558
20.10.2010,1570
19.10.2010,1583
18.10.2010,1581
15.10.2010,1586
14.10.2010,1588
13.10.2010,1574
12.10.2010,1588
11.10.2010,1566
08.10.2010,1584
07.10.2010,1577
06.10.2010,1568
05.10.2010,1542
04.10.2010,1532
01.10.2010,1507
30.09.2010,1494
29.09.2010,1483
28.09.2010,1487
27.09.2010,1488
24.09.2010,1477
23.09.2010,1477
22.09.2010,1478
21.09.2010,1467
20.09.2010,1464
17.09.2010,1463
16.09.2010,1484
15.09.2010,1493
14.09.2010,1503
13.09.2010,1487
10.09.2010,1492
09.09.2010,1469
08.09.2010,1453
07.09.2010,1469
06.09.2010,1467
03.09.2010,1455
02.09.2010,1449
01.09.2010,1421
31.08.2010,1427
30.08.2010,1421
27.08.2010,1409
26.08.2010,1386
25.08.2010,1399
24.08.2010,1423
23.08.2010,1424
20.08.2010,1446
19.08.2010,1458
18.08.2010,1464
17.08.2010,1445
16.08.2010,1445
13.08.2010,1447
12.08.2010,1460
11.08.2010,1492
10.08.2010,1520
09.08.2010,1509
06.08.2010,1517
05.08.2010,1523
04.08.2010,1517
03.08.2010,1523
02.08.2010,1479
30.07.2010,1503
29.07.2010,1474
28.07.2010,1481
27.07.2010,1468
26.07.2010,1449
23.07.2010,1443
22.07.2010,1417
21.07.2010,1388
20.07.2010,1395
19.07.2010,1389
16.07.2010,1403
15.07.2010,1412
14.07.2010,1409
13.07.2010,1385
12.07.2010,1359
09.07.2010,1356
08.07.2010,1352
07.07.2010,1353
06.07.2010,1317
05.07.2010,1316
02.07.2010,1288
01.07.2010,1339
30.06.2010,1356
29.06.2010,1404
28.06.2010,1386
25.06.2010,1403
24.06.2010,1418
23.06.2010,1434
22.06.2010,1457
21.06.2010,1410
18.06.2010,1400
17.06.2010,1401
16.06.2010,1395
15.06.2010,1356
11.06.2010,1358
10.06.2010,1334
09.06.2010,1315
08.06.2010,1336
07.06.2010,1359
04.06.2010,1390
03.06.2010,1383
02.06.2010,1373
01.06.2010,1384
31.05.2010,1366
28.05.2010,1358
27.05.2010,1304
26.05.2010,1227
25.05.2010,1314
24.05.2010,1297
21.05.2010,1303
20.05.2010,1379
19.05.2010,1438
18.05.2010,1422
17.05.2010,1441
14.05.2010,1475
13.05.2010,1485
12.05.2010,1420
11.05.2010,1371
07.05.2010,1450
06.05.2010,1482
05.05.2010,1517
04.05.2010,1572
30.04.2010,1587
29.04.2010,1563
28.04.2010,1603
27.04.2010,1626
26.04.2010,1604
23.04.2010,1583
22.04.2010,1610
21.04.2010,1619
20.04.2010,1601
19.04.2010,1642
16.04.2010,1676
15.04.2010,1673
14.04.2010,1643
13.04.2010,1648
12.04.2010,1631
09.04.2010,1600
08.04.2010,1613
07.04.2010,1633
06.04.2010,1626
05.04.2010,1614
02.04.2010,1608
01.04.2010,1572
31.03.2010,1562
30.03.2010,1551
29.03.2010,1522
26.03.2010,1515
25.03.2010,1513
24.03.2010,1526
23.03.2010,1527
22.03.2010,1546
19.03.2010,1560
18.03.2010,1563
17.03.2010,1536
16.03.2010,1514
15.03.2010,1534
12.03.2010,1503
11.03.2010,1501
10.03.2010,1502
09.03.2010,1508
05.03.2010,1468
04.03.2010,1460
03.03.2010,1445
02.03.2010,1427
01.03.2010,1408
27.02.2010,1389
26.02.2010,1373
25.02.2010,1401
24.02.2010,1423
19.02.2010,1410
18.02.2010,1421
17.02.2010,1418
16.02.2010,1377
15.02.2010,1363
12.02.2010,1391
11.02.2010,1387
10.02.2010,1390
09.02.2010,1376
08.02.2010,1411
05.02.2010,1462
04.02.2010,1507
03.02.2010,1498
02.02.2010,1470
01.02.2010,1473
29.01.2010,1458
28.01.2010,1448
27.01.2010,1444
26.01.2010,1485
25.01.2010,1491
22.01.2010,1530
21.01.2010,1556
20.01.2010,1580
19.01.2010,1581
18.01.2010,1559
15.01.2010,1561
14.01.2010,1538
13.01.2010,1535
12.01.2010,1550
11.01.2010,1444
31.12.2009,1426
30.12.2009,1444
29.12.2009,1452
28.12.2009,1451
25.12.2009,1443
24.12.2009,1434
23.12.2009,1421
22.12.2009,1425
21.12.2009,1411
18.12.2009,1403
17.12.2009,1448
16.12.2009,1396
15.12.2009,1381
14.12.2009,1366
11.12.2009,1351
10.12.2009,1348
09.12.2009,1351
08.12.2009,1389
07.12.2009,1425
04.12.2009,1411
03.12.2009,1415
02.12.2009,1415
01.12.2009,1372
30.11.2009,1369
27.11.2009,1366
26.11.2009,1427
25.11.2009,1447
24.11.2009,1466
23.11.2009,1436
20.11.2009,1450
19.11.2009,1486
18.11.2009,1472
17.11.2009,1481
16.11.2009,1419
13.11.2009,1425
12.11.2009,1434
11.11.2009,1436
10.11.2009,1408
09.11.2009,1337
06.11.2009,1348
05.11.2009,1306
03.11.2009,1357
02.11.2009,1358
30.10.2009,1377
29.10.2009,1368
28.10.2009,1421
27.10.2009,1476
26.10.2009,1461
23.10.2009,1448
22.10.2009,1446
21.10.2009,1446
20.10.2009,1433
19.10.2009,1408
16.10.2009,1434
15.10.2009,1441
14.10.2009,1400
13.10.2009,1428
12.10.2009,1372
09.10.2009,1334
08.10.2009,1287
07.10.2009,1270
06.10.2009,1227
05.10.2009,1224
02.10.2009,1266
01.10.2009,1254
30.09.2009,1260
29.09.2009,1248
28.09.2009,1225
25.09.2009,1242
24.09.2009,1254
23.09.2009,1249
22.09.2009,1210
21.09.2009,1245
18.09.2009,1231
17.09.2009,1246
16.09.2009,1225
15.09.2009,1194
14.09.2009,1196
11.09.2009,1166
10.09.2009,1159
09.09.2009,1136
08.09.2009,1093
07.09.2009,1063
04.09.2009,1074
03.09.2009,1053
02.09.2009,1073
01.09.2009,1067
31.08.2009,1089
28.08.2009,1070
27.08.2009,1072
26.08.2009,1102
25.08.2009,1094
24.08.2009,1050
21.08.2009,1018
20.08.2009,987
19.08.2009,1002
18.08.2009,1011
17.08.2009,1059
14.08.2009,1054
13.08.2009,1025
12.08.2009,1031
11.08.2009,1065
10.08.2009,1080
07.08.2009,1083
06.08.2009,1093
05.08.2009,1074
04.08.2009,1067
03.08.2009,1017
31.07.2009,1002
30.07.2009,973
29.07.2009,1001
28.07.2009,1037
27.07.2009,1012
24.07.2009,976
23.07.2009,963
22.07.2009,987
21.07.2009,972
20.07.2009,925
17.07.2009,903
16.07.2009,887
15.07.2009,866
14.07.2009,836
13.07.2009,835
10.07.2009,884
09.07.2009,889
08.07.2009,922
07.07.2009,921
06.07.2009,950
03.07.2009,960
02.07.2009,978
01.07.2009,967
30.06.2009,951
29.06.2009,955
26.06.2009,947
25.06.2009,959
24.06.2009,932
23.06.2009,957
22.06.2009,1011
19.06.2009,998
18.06.2009,1038
17.06.2009,1082
16.06.2009,1077
15.06.2009,1127
11.06.2009,1121
10.06.2009,1106
09.06.2009,1096
08.06.2009,1149
05.06.2009,1108
04.06.2009,1125
03.06.2009,1180
02.06.2009,1167
01.06.2009,1088
29.05.2009,1053
28.05.2009,1030
27.05.2009,990
26.05.2009,1017
25.05.2009,1014
22.05.2009,1001
21.05.2009,1023
20.05.2009,971
19.05.2009,939
18.05.2009,936
15.05.2009,932
14.05.2009,947
13.05.2009,979
12.05.2009,938
08.05.2009,942
07.05.2009,897
06.05.2009,871
05.05.2009,856
04.05.2009,833
30.04.2009,814
29.04.2009,784
28.04.2009,803
27.04.2009,831
24.04.2009,820
23.04.2009,785
22.04.2009,775
21.04.2009,796
20.04.2009,834
17.04.2009,819
16.04.2009,807
15.04.2009,807
14.04.2009,814
13.04.2009,817
10.04.2009,811
09.04.2009,761
08.04.2009,740
07.04.2009,748
06.04.2009,746
03.04.2009,733
02.04.2009,685
01.04.2009,689
31.03.2009,683
30.03.2009,721
27.03.2009,752
26.03.2009,740
25.03.2009,722
24.03.2009,737
23.03.2009,696
20.03.2009,694
19.03.2009,650
18.03.2009,665
17.03.2009,649
16.03.2009,652
13.03.2009,618
12.03.2009,627
11.03.2009,634
10.03.2009,576
06.03.2009,559
05.03.2009,562
04.03.2009,540
03.03.2009,539
02.03.2009,544
27.02.2009,547
26.02.2009,538
25.02.2009,524
24.02.2009,517
20.02.2009,549
19.02.2009,524
18.02.2009,552
17.02.2009,609
16.02.2009,624
13.02.2009,611
12.02.2009,620
11.02.2009,602
10.02.2009,569
09.02.2009,520
06.02.2009,513
05.02.2009,514
04.02.2009,512
03.02.2009,508
02.02.2009,535
30.01.2009,530
29.01.2009,546
28.01.2009,547
27.01.2009,539
26.01.2009,498
23.01.2009,515
22.01.2009,530
21.01.2009,514
20.01.2009,531
19.01.2009,566
16.01.2009,569
15.01.2009,587
14.01.2009,621
13.01.2009,628
12.01.2009,626
11.01.2009,631
