,Date,Open
0,03.04.2020,1336
1,03.03.2020,1336
2,03.02.2020,1332
3,02.28.2020,1359
4,02.27.2020,1438
5,02.26.2020,1442
6,02.25.2020,1504
7,02.21.2020,1525
8,02.20.2020,1546
9,02.19.2020,1525
10,02.18.2020,1540
11,02.17.2020,1535
12,02.14.2020,1541
13,02.13.2020,1553
14,02.12.2020,1542
15,02.11.2020,1509
16,02.10.2020,1517
17,02.07.2020,1542
18,02.06.2020,1569
19,02.05.2020,1550
20,02.04.2020,1523
21,02.03.2020,1509
22,01.31.2020,1559
23,01.30.2020,1565
24,01.29.2020,1581
25,01.28.2020,1549
26,01.27.2020,1584
27,01.24.2020,1601
28,01.23.2020,1611
29,01.22.2020,1635
30,01.21.2020,1644
31,01.20.2020,1640
32,01.17.2020,1615
33,01.16.2020,1608
34,01.15.2020,1604
35,01.14.2020,1622
36,01.13.2020,1612
37,01.10.2020,1602
38,01.09.2020,1597
39,01.08.2020,1567
40,01.06.2020,1560
41,01.03.2020,1554
42,12.30.2019,1549
43,12.27.2019,1533
44,12.26.2019,1541
45,12.25.2019,1541
46,12.24.2019,1535
47,12.23.2019,1522
48,12.20.2019,1522
49,12.19.2019,1514
50,12.18.2019,1520
51,12.17.2019,1519
52,12.16.2019,1504
53,12.13.2019,1499
54,12.12.2019,1476
55,12.11.2019,1454
56,12.10.2019,1458
57,12.09.2019,1448
58,12.06.2019,1433
59,12.05.2019,1430
60,12.04.2019,1417
61,12.03.2019,1432
62,12.02.2019,1438
63,11.29.2019,1438
64,11.28.2019,1441
65,11.27.2019,1444
66,11.26.2019,1455
67,11.25.2019,1456
68,11.22.2019,1453
69,11.21.2019,1449
70,11.20.2019,1449
71,11.19.2019,1445
72,11.18.2019,1456
73,11.15.2019,1440
74,11.14.2019,1438
75,11.13.2019,1443
76,11.12.2019,1461
77,11.11.2019,1464
78,11.08.2019,1486
79,11.07.2019,1468
80,11.06.2019,1463
81,11.05.2019,1463
82,11.01.2019,1422
83,10.31.2019,1439
84,10.30.2019,1419
85,10.29.2019,1412
86,10.28.2019,1420
87,10.25.2019,1414
88,10.24.2019,1390
89,10.23.2019,1382
90,10.22.2019,1367
91,10.21.2019,1363
92,10.18.2019,1350
93,10.17.2019,1349
94,10.16.2019,1330
95,10.15.2019,1321
96,10.14.2019,1329
97,10.11.2019,1330
98,10.10.2019,1315
99,10.09.2019,1306
100,10.08.2019,1319
101,10.07.2019,1313
102,10.04.2019,1309
103,10.03.2019,1313
104,10.02.2019,1330
105,10.01.2019,1335
106,09.30.2019,1344
107,09.27.2019,1360
108,09.26.2019,1353
109,09.25.2019,1353
110,09.24.2019,1374
111,09.23.2019,1374
112,09.20.2019,1376
113,09.19.2019,1382
114,09.18.2019,1379
115,09.17.2019,1393
116,09.16.2019,1376
117,09.13.2019,1360
118,09.12.2019,1354
119,09.11.2019,1342
120,09.10.2019,1338
121,09.09.2019,1343
122,09.06.2019,1334
123,09.05.2019,1332
124,09.04.2019,1315
125,09.03.2019,1306
126,09.02.2019,1293
127,08.30.2019,1285
128,08.29.2019,1264
129,08.28.2019,1260
130,08.27.2019,1268
131,08.26.2019,1265
132,08.23.2019,1286
133,08.22.2019,1280
134,08.21.2019,1267
135,08.20.2019,1248
136,08.19.2019,1244
137,08.16.2019,1257
138,08.15.2019,1260
139,08.14.2019,1302
140,08.13.2019,1294
141,08.12.2019,1296
142,08.09.2019,1306
143,08.08.2019,1298
144,08.07.2019,1294
145,08.06.2019,1276
146,08.05.2019,1287
147,08.02.2019,1325
148,08.01.2019,1350
149,07.31.2019,1358
150,07.30.2019,1355
151,07.29.2019,1350
152,07.26.2019,1343
153,07.25.2019,1333
154,07.24.2019,1350
155,07.23.2019,1341
156,07.22.2019,1349
157,07.19.2019,1359
158,07.18.2019,1354
159,07.17.2019,1357
160,07.16.2019,1384
161,07.15.2019,1392
162,07.12.2019,1397
163,07.11.2019,1408
164,07.10.2019,1392
165,07.09.2019,1395
166,07.08.2019,1393
167,07.05.2019,1410
168,07.04.2019,1404
169,07.03.2019,1398
170,07.02.2019,1402
171,07.01.2019,1383
172,06.28.2019,1387
173,06.27.2019,1386
174,06.26.2019,1380
175,06.25.2019,1389
176,06.24.2019,1381
177,06.21.2019,1390
178,06.20.2019,1362
179,06.19.2019,1359
180,06.18.2019,1338
181,06.17.2019,1339
182,06.14.2019,1345
183,06.13.2019,1342
184,06.11.2019,1321
185,06.10.2019,1327
186,06.07.2019,1323
187,06.06.2019,1301
188,06.05.2019,1308
189,06.04.2019,1314
190,06.03.2019,1280
191,05.31.2019,1283
192,05.30.2019,1282
193,05.29.2019,1269
194,05.28.2019,1287
195,05.27.2019,1280
196,05.24.2019,1273
197,05.23.2019,1288
198,05.22.2019,1281
199,05.21.2019,1257
200,05.20.2019,1255
201,05.17.2019,1255
202,05.16.2019,1243
203,05.15.2019,1246
204,05.14.2019,1208
205,05.13.2019,1215
206,05.10.2019,1228
207,05.08.2019,1234
208,05.07.2019,1245
209,05.06.2019,1243
210,05.03.2019,1239
211,05.02.2019,1247
212,04.30.2019,1255
213,04.29.2019,1247
214,04.26.2019,1247
215,04.25.2019,1262
216,04.24.2019,1279
217,04.23.2019,1276
218,04.22.2019,1262
219,04.19.2019,1262
220,04.18.2019,1266
221,04.17.2019,1259
222,04.16.2019,1248
223,04.15.2019,1255
224,04.12.2019,1243
225,04.11.2019,1262
226,04.10.2019,1248
227,04.09.2019,1244
228,04.08.2019,1225
229,04.05.2019,1219
230,04.04.2019,1222
231,04.03.2019,1220
232,04.02.2019,1219
233,04.01.2019,1199
234,03.29.2019,1209
235,03.28.2019,1208
236,03.27.2019,1228
237,03.26.2019,1228
238,03.25.2019,1212
239,03.22.2019,1237
240,03.21.2019,1235
241,03.20.2019,1220
242,03.19.2019,1216
243,03.18.2019,1204
244,03.15.2019,1182
245,03.14.2019,1189
246,03.13.2019,1184
247,03.12.2019,1179
248,03.11.2019,1176
249,03.07.2019,1189
250,03.06.2019,1182
251,03.05.2019,1184
252,03.04.2019,1184
253,03.01.2019,1188
254,02.28.2019,1191
255,02.27.2019,1196
256,02.26.2019,1196
257,02.25.2019,1200
258,02.22.2019,1186
259,02.21.2019,1194
260,02.20.2019,1179
261,02.19.2019,1174
262,02.18.2019,1182
263,02.15.2019,1165
264,02.14.2019,1169
265,02.13.2019,1212
266,02.12.2019,1201
267,02.11.2019,1198
268,02.08.2019,1199
269,02.07.2019,1213
270,02.06.2019,1222
271,02.05.2019,1212
272,02.04.2019,1213
273,02.01.2019,1213
274,01.31.2019,1210
275,01.30.2019,1190
276,01.29.2019,1176
277,01.28.2019,1192
278,01.25.2019,1190
279,01.24.2019,1187
280,01.23.2019,1168
281,01.22.2019,1170
282,01.21.2019,1175
283,01.18.2019,1164
284,01.17.2019,1156
285,01.16.2019,1148
286,01.15.2019,1146
287,01.14.2019,1148
288,01.11.2019,1146
289,01.10.2019,1139
290,01.09.2019,1127
291,01.08.2019,1116
292,01.04.2019,1090
293,01.03.2019,1069
294,12.29.2018,1069
295,12.28.2018,1055
296,12.27.2018,1062
297,12.26.2018,1051
298,12.25.2018,1064
299,12.24.2018,1073
300,12.21.2018,1084
301,12.20.2018,1096
302,12.19.2018,1099
303,12.18.2018,1110
304,12.17.2018,1115
305,12.14.2018,1130
306,12.13.2018,1123
307,12.12.2018,1135
308,12.11.2018,1133
309,12.10.2018,1151
310,12.07.2018,1137
311,12.06.2018,1154
312,12.05.2018,1142
313,12.04.2018,1156
314,12.03.2018,1131
315,11.30.2018,1139
316,11.29.2018,1123
317,11.28.2018,1099
318,11.27.2018,1085
319,11.26.2018,1115
320,11.23.2018,1136
321,11.22.2018,1131
322,11.21.2018,1113
323,11.20.2018,1139
324,11.19.2018,1134
325,11.16.2018,1140
326,11.15.2018,1119
327,11.14.2018,1095
328,11.13.2018,1108
329,11.12.2018,1113
330,11.09.2018,1145
331,11.08.2018,1161
332,11.07.2018,1148
333,11.06.2018,1133
334,11.02.2018,1133
335,11.01.2018,1125
336,10.31.2018,1108
337,10.30.2018,1105
338,10.29.2018,1097
339,10.26.2018,1118
340,10.25.2018,1114
341,10.24.2018,1111
342,10.23.2018,1111
343,10.22.2018,1129
344,10.19.2018,1139
345,10.18.2018,1158
346,10.17.2018,1168
347,10.16.2018,1145
348,10.15.2018,1146
349,10.12.2018,1127
350,10.11.2018,1123
351,10.10.2018,1162
352,10.09.2018,1163
353,10.08.2018,1159
354,10.05.2018,1155
355,10.04.2018,1192
356,10.03.2018,1178
357,10.02.2018,1200
358,10.01.2018,1192
359,09.28.2018,1184
360,09.27.2018,1160
361,09.26.2018,1169
362,09.25.2018,1163
363,09.24.2018,1150
364,09.21.2018,1141
365,09.20.2018,1134
366,09.19.2018,1124
367,09.18.2018,1098
368,09.17.2018,1093
369,09.14.2018,1088
370,09.13.2018,1067
371,09.12.2018,1061
372,09.11.2018,1042
373,09.10.2018,1046
374,09.07.2018,1056
375,09.06.2018,1070
376,09.05.2018,1078
377,09.04.2018,1086
378,09.03.2018,1093
379,08.31.2018,1074
380,08.30.2018,1090
381,08.29.2018,1075
382,08.28.2018,1079
383,08.27.2018,1071
384,08.24.2018,1043
385,08.23.2018,1062
386,08.22.2018,1075
387,08.21.2018,1067
388,08.20.2018,1064
389,08.17.2018,1066
390,08.16.2018,1062
391,08.15.2018,1083
392,08.14.2018,1067
393,08.13.2018,1053
394,08.10.2018,1084
395,08.09.2018,1096
396,08.08.2018,1145
397,08.07.2018,1138
398,08.06.2018,1142
399,08.03.2018,1140
400,08.02.2018,1155
401,08.01.2018,1168
402,07.31.2018,1159
403,07.30.2018,1147
404,07.27.2018,1147
405,07.26.2018,1147
406,07.25.2018,1128
407,07.24.2018,1131
408,07.23.2018,1116
409,07.20.2018,1123
410,07.19.2018,1149
411,07.18.2018,1154
412,07.17.2018,1175
413,07.16.2018,1179
414,07.13.2018,1177
415,07.12.2018,1178
416,07.11.2018,1202
417,07.10.2018,1193
418,07.09.2018,1176
419,07.06.2018,1169
420,07.05.2018,1145
421,07.04.2018,1148
422,07.03.2018,1151
423,07.02.2018,1151
424,06.29.2018,1134
425,06.28.2018,1123
426,06.27.2018,1119
427,06.26.2018,1123
428,06.25.2018,1119
429,06.22.2018,1113
430,06.21.2018,1115
431,06.20.2018,1098
432,06.19.2018,1100
433,06.18.2018,1114
434,06.15.2018,1134
435,06.14.2018,1143
436,06.13.2018,1141
437,06.11.2018,1150
438,06.09.2018,1146
439,06.08.2018,1167
440,06.07.2018,1182
441,06.06.2018,1175
442,06.05.2018,1179
443,06.04.2018,1164
444,06.01.2018,1159
445,05.31.2018,1168
446,05.30.2018,1152
447,05.29.2018,1170
448,05.28.2018,1166
449,05.25.2018,1174
450,05.24.2018,1180
451,05.23.2018,1192
452,05.22.2018,1193
453,05.21.2018,1178
454,05.18.2018,1177
455,05.17.2018,1195
456,05.16.2018,1180
457,05.15.2018,1198
458,05.14.2018,1193
459,05.11.2018,1183
460,05.10.2018,1153
461,05.08.2018,1147
462,05.07.2018,1155
463,05.04.2018,1138
464,05.03.2018,1133
465,05.02.2018,1153
466,04.30.2018,1161
467,04.28.2018,1166
468,04.27.2018,1149
469,04.26.2018,1138
470,04.25.2018,1147
471,04.24.2018,1151
472,04.23.2018,1145
473,04.20.2018,1154
474,04.19.2018,1164
475,04.18.2018,1123
476,04.17.2018,1119
477,04.16.2018,1095
478,04.13.2018,1122
479,04.12.2018,1110
480,04.11.2018,1085
481,04.10.2018,1085
482,04.09.2018,1230
483,04.06.2018,1248
484,04.05.2018,1244
485,04.04.2018,1239
486,04.03.2018,1238
487,04.02.2018,1252
488,03.30.2018,1253
489,03.29.2018,1228
490,03.28.2018,1237
491,03.27.2018,1238
492,03.26.2018,1256
493,03.23.2018,1250
494,03.22.2018,1280
495,03.21.2018,1255
496,03.20.2018,1242
497,03.19.2018,1259
498,03.16.2018,1246
499,03.15.2018,1254
500,03.14.2018,1279
501,03.13.2018,1282
502,03.12.2018,1288
503,03.09.2018,1270
504,03.07.2018,1278
505,03.06.2018,1291
506,03.05.2018,1270
507,03.02.2018,1272
508,03.01.2018,1278
509,02.28.2018,1308
510,02.27.2018,1332
511,02.26.2018,1312
512,02.22.2018,1285
513,02.21.2018,1263
514,02.20.2018,1258
515,02.19.2018,1259
516,02.16.2018,1265
517,02.15.2018,1259
518,02.14.2018,1231
519,02.13.2018,1212
520,02.12.2018,1191
521,02.09.2018,1191
522,02.08.2018,1229
523,02.07.2018,1245
524,02.06.2018,1229
525,02.05.2018,1266
526,02.02.2018,1297
527,02.01.2018,1284
528,01.31.2018,1273
529,01.30.2018,1273
530,01.29.2018,1285
531,01.26.2018,1305
532,01.25.2018,1296
533,01.24.2018,1284
534,01.23.2018,1289
535,01.22.2018,1269
536,01.19.2018,1280
537,01.18.2018,1265
538,01.17.2018,1254
539,01.16.2018,1264
540,01.15.2018,1261
541,01.12.2018,1253
542,01.11.2018,1233
543,01.10.2018,1231
544,01.09.2018,1222
545,01.05.2018,1216
546,01.04.2018,1185
547,01.03.2018,1154
548,12.29.2017,1151
549,12.28.2017,1148
550,12.27.2017,1147
551,12.26.2017,1144
552,12.25.2017,1138
553,12.22.2017,1129
554,12.21.2017,1127
555,12.20.2017,1134
556,12.19.2017,1145
557,12.18.2017,1149
558,12.15.2017,1153
559,12.14.2017,1146
560,12.13.2017,1143
561,12.12.2017,1149
562,12.11.2017,1120
563,12.08.2017,1121
564,12.07.2017,1128
565,12.06.2017,1132
566,12.05.2017,1134
567,12.04.2017,1125
568,12.01.2017,1133
569,11.30.2017,1140
570,11.29.2017,1159
571,11.28.2017,1155
572,11.27.2017,1165
573,11.24.2017,1158
574,11.23.2017,1163
575,11.22.2017,1148
576,11.21.2017,1131
577,11.20.2017,1137
578,11.17.2017,1127
579,11.16.2017,1117
580,11.15.2017,1129
581,11.14.2017,1149
582,11.13.2017,1154
583,11.10.2017,1160
584,11.09.2017,1149
585,11.08.2017,1143
586,11.07.2017,1115
587,11.03.2017,1122
588,11.02.2017,1124
589,11.01.2017,1118
590,10.31.2017,1122
591,10.30.2017,1122
592,10.27.2017,1116
593,10.26.2017,1117
594,10.25.2017,1127
595,10.24.2017,1129
596,10.23.2017,1136
597,10.20.2017,1142
598,10.19.2017,1148
599,10.18.2017,1149
600,10.17.2017,1157
601,10.16.2017,1158
602,10.13.2017,1144
603,10.12.2017,1144
604,10.11.2017,1134
605,10.10.2017,1131
606,10.09.2017,1133
607,10.06.2017,1140
608,10.05.2017,1134
609,10.04.2017,1129
610,10.03.2017,1129
611,10.02.2017,1138
612,09.29.2017,1126
613,09.28.2017,1126
614,09.27.2017,1128
615,09.26.2017,1133
616,09.25.2017,1123
617,09.22.2017,1120
618,09.21.2017,1114
619,09.20.2017,1110
620,09.19.2017,1115
621,09.18.2017,1123
622,09.15.2017,1123
623,09.14.2017,1116
624,09.13.2017,1124
625,09.12.2017,1126
626,09.11.2017,1119
627,09.08.2017,1113
628,09.07.2017,1107
629,09.06.2017,1096
630,09.05.2017,1092
631,09.04.2017,1098
632,09.01.2017,1098
633,08.31.2017,1079
634,08.30.2017,1067
635,08.29.2017,1070
636,08.28.2017,1064
637,08.25.2017,1050
638,08.24.2017,1044
639,08.23.2017,1038
640,08.22.2017,1033
641,08.21.2017,1031
642,08.18.2017,1030
643,08.17.2017,1029
644,08.16.2017,1030
645,08.15.2017,1026
646,08.14.2017,1024
647,08.11.2017,1023
648,08.10.2017,1038
649,08.09.2017,1045
650,08.08.2017,1033
651,08.07.2017,1026
652,08.04.2017,1024
653,08.03.2017,1022
654,08.02.2017,1013
655,08.01.2017,1014
656,07.31.2017,1014
657,07.28.2017,1027
658,07.27.2017,1026
659,07.26.2017,1014
660,07.25.2017,1014
661,07.24.2017,1019
662,07.21.2017,1040
663,07.20.2017,1042
664,07.19.2017,1027
665,07.18.2017,1038
666,07.17.2017,1046
667,07.14.2017,1031
668,07.13.2017,1024
669,07.12.2017,1005
670,07.11.2017,1008
671,07.10.2017,998
672,07.07.2017,998
673,07.06.2017,1008
674,07.05.2017,1016
675,07.04.2017,1011
676,07.03.2017,1008
677,06.30.2017,996
678,06.29.2017,1008
679,06.28.2017,993
680,06.27.2017,995
681,06.26.2017,991
682,06.23.2017,977
683,06.22.2017,962
684,06.21.2017,981
685,06.20.2017,997
686,06.19.2017,992
687,06.16.2017,990
688,06.15.2017,1005
689,06.14.2017,1029
690,06.13.2017,1033
691,06.09.2017,1037
692,06.08.2017,1031
693,06.07.2017,1042
694,06.06.2017,1044
695,06.05.2017,1047
696,06.02.2017,1043
697,06.01.2017,1058
698,05.31.2017,1077
699,05.30.2017,1080
700,05.29.2017,1078
701,05.26.2017,1075
702,05.25.2017,1092
703,05.24.2017,1094
704,05.23.2017,1084
705,05.22.2017,1088
706,05.19.2017,1077
707,05.18.2017,1097
708,05.17.2017,1107
709,05.16.2017,1118
710,05.15.2017,1101
711,05.12.2017,1106
712,05.11.2017,1112
713,05.10.2017,1094
714,05.05.2017,1073
715,05.04.2017,1094
716,05.03.2017,1118
717,05.02.2017,1118
718,04.28.2017,1117
719,04.27.2017,1115
720,04.26.2017,1122
721,04.25.2017,1118
722,04.24.2017,1090
723,04.21.2017,1083
724,04.20.2017,1064
725,04.19.2017,1075
726,04.18.2017,1095
727,04.17.2017,1071
728,04.14.2017,1088
729,04.13.2017,1087
730,04.12.2017,1098
731,04.11.2017,1084
732,04.10.2017,1110
733,04.07.2017,1143
734,04.06.2017,1146
735,04.05.2017,1139
736,04.04.2017,1127
737,04.03.2017,1118
738,03.31.2017,1135
739,03.30.2017,1126
740,03.29.2017,1122
741,03.28.2017,1116
742,03.27.2017,1126
743,03.24.2017,1123
744,03.23.2017,1125
745,03.22.2017,1115
746,03.21.2017,1124
747,03.20.2017,1122
748,03.17.2017,1098
749,03.16.2017,1079
750,03.15.2017,1066
751,03.14.2017,1072
752,03.13.2017,1053
753,03.10.2017,1050
754,03.09.2017,1088
755,03.07.2017,1108
756,03.06.2017,1112
757,03.03.2017,1095
758,03.02.2017,1114
759,03.01.2017,1099
760,02.28.2017,1116
761,02.27.2017,1130
762,02.24.2017,1143
763,02.22.2017,1168
764,02.21.2017,1151
765,02.20.2017,1149
766,02.17.2017,1175
767,02.16.2017,1176
768,02.15.2017,1180
769,02.14.2017,1174
770,02.13.2017,1171
771,02.10.2017,1163
772,02.09.2017,1165
773,02.08.2017,1176
774,02.07.2017,1182
775,02.06.2017,1190
776,02.03.2017,1176
777,02.02.2017,1169
778,02.01.2017,1162
779,01.31.2017,1174
780,01.30.2017,1192
781,01.27.2017,1160
782,01.26.2017,1153
783,01.25.2017,1156
784,01.24.2017,1136
785,01.23.2017,1138
786,01.20.2017,1140
787,01.19.2017,1148
788,01.18.2017,1156
789,01.17.2017,1152
790,01.16.2017,1158
791,01.13.2017,1175
792,01.12.2017,1173
793,01.11.2017,1169
794,01.10.2017,1158
795,01.09.2017,1172
796,01.06.2017,1177
797,01.05.2017,1180
798,01.04.2017,1181
799,01.03.2017,1147
800,12.30.2016,1150
801,12.29.2016,1139
802,12.28.2016,1137
803,12.27.2016,1123
804,12.26.2016,1121
805,12.23.2016,1123
806,12.22.2016,1135
807,12.21.2016,1141
808,12.20.2016,1126
809,12.19.2016,1133
810,12.16.2016,1142
811,12.15.2016,1125
812,12.14.2016,1168
813,12.13.2016,1148
814,12.12.2016,1118
815,12.09.2016,1100
816,12.08.2016,1080
817,12.07.2016,1062
818,12.06.2016,1065
819,12.05.2016,1048
820,12.02.2016,1044
821,12.01.2016,1036
822,11.30.2016,1010
823,11.29.2016,1016
824,11.28.2016,1017
825,11.25.2016,1026
826,11.24.2016,1019
827,11.23.2016,1022
828,11.22.2016,1016
829,11.21.2016,995
830,11.18.2016,992
831,11.17.2016,987
832,11.16.2016,993
833,11.15.2016,966
834,11.14.2016,974
835,11.11.2016,983
836,11.10.2016,995
837,11.09.2016,959
838,11.08.2016,970
839,11.07.2016,973
840,11.03.2016,977
841,11.02.2016,989
842,11.01.2016,989
843,10.31.2016,992
844,10.28.2016,994
845,10.27.2016,989
846,10.26.2016,999
847,10.25.2016,995
848,10.24.2016,990
849,10.21.2016,986
850,10.20.2016,994
851,10.19.2016,988
852,10.18.2016,977
853,10.17.2016,982
854,10.14.2016,987
855,10.13.2016,995
856,10.12.2016,1005
857,10.11.2016,1016
858,10.10.2016,1003
859,10.07.2016,1007
860,10.06.2016,996
861,10.05.2016,997
862,10.04.2016,1005
863,10.03.2016,993
864,09.30.2016,993
865,09.29.2016,998
866,09.28.2016,975
867,09.27.2016,985
868,09.26.2016,985
869,09.23.2016,1000
870,09.22.2016,990
871,09.21.2016,970
872,09.20.2016,967
873,09.19.2016,960
874,09.16.2016,971
875,09.15.2016,968
876,09.14.2016,966
877,09.13.2016,985
878,09.12.2016,980
879,09.09.2016,1006
880,09.08.2016,1011
881,09.07.2016,996
882,09.06.2016,978
883,09.05.2016,972
884,09.02.2016,945
885,09.01.2016,952
886,08.31.2016,958
887,08.30.2016,967
888,08.29.2016,964
889,08.26.2016,966
890,08.25.2016,958
891,08.24.2016,969
892,08.23.2016,960
893,08.22.2016,964
894,08.19.2016,976
895,08.18.2016,972
896,08.17.2016,973
897,08.16.2016,972
898,08.15.2016,958
899,08.12.2016,957
900,08.11.2016,942
901,08.10.2016,951
902,08.09.2016,952
903,08.08.2016,936
904,08.05.2016,932
905,08.04.2016,915
906,08.03.2016,904
907,08.02.2016,916
908,08.01.2016,930
909,07.29.2016,923
910,07.28.2016,925
911,07.27.2016,926
912,07.26.2016,930
913,07.25.2016,937
914,07.22.2016,941
915,07.21.2016,948
916,07.20.2016,949
917,07.19.2016,962
918,07.18.2016,961
919,07.15.2016,968
920,07.14.2016,956
921,07.13.2016,955
922,07.12.2016,939
923,07.11.2016,931
924,07.08.2016,914
925,07.07.2016,925
926,07.06.2016,926
927,07.05.2016,938
928,07.04.2016,937
929,07.01.2016,931
930,06.30.2016,931
931,06.29.2016,915
932,06.28.2016,890
933,06.27.2016,909
934,06.24.2016,920
935,06.23.2016,919
936,06.22.2016,942
937,06.21.2016,932
938,06.20.2016,917
939,06.17.2016,898
940,06.16.2016,905
941,06.15.2016,897
942,06.14.2016,916
943,06.10.2016,943
944,06.09.2016,966
945,06.08.2016,952
946,06.07.2016,925
947,06.06.2016,908
948,06.03.2016,892
949,06.02.2016,889
950,06.01.2016,897
951,05.31.2016,927
952,05.30.2016,920
953,05.27.2016,915
954,05.26.2016,916
955,05.25.2016,899
956,05.24.2016,880
957,05.23.2016,891
958,05.20.2016,896
959,05.19.2016,910
960,05.18.2016,928
961,05.17.2016,928
962,05.16.2016,920
963,05.13.2016,923
964,05.12.2016,926
965,05.11.2016,898
966,05.10.2016,905
967,05.06.2016,911
968,05.05.2016,911
969,05.04.2016,941
970,04.29.2016,959
971,04.28.2016,936
972,04.27.2016,943
973,04.26.2016,924
974,04.25.2016,930
975,04.22.2016,920
976,04.21.2016,952
977,04.20.2016,920
978,04.19.2016,903
979,04.18.2016,896
980,04.15.2016,911
981,04.14.2016,917
982,04.13.2016,912
983,04.12.2016,899
984,04.11.2016,880
985,04.08.2016,862
986,04.07.2016,869
987,04.06.2016,856
988,04.05.2016,852
989,04.04.2016,864
990,04.01.2016,874
991,03.31.2016,860
992,03.30.2016,857
993,03.29.2016,850
994,03.28.2016,861
995,03.25.2016,859
996,03.24.2016,858
997,03.23.2016,886
998,03.22.2016,885
999,03.21.2016,878
1000,03.18.2016,875
1001,03.17.2016,854
1002,03.16.2016,823
1003,03.15.2016,842
1004,03.14.2016,845
1005,03.11.2016,832
1006,03.10.2016,835
1007,03.09.2016,837
1008,03.07.2016,823
1009,03.04.2016,802
1010,03.03.2016,792
1011,03.02.2016,795
1012,03.01.2016,771
1013,02.29.2016,749
1014,02.26.2016,759
1015,02.25.2016,749
1016,02.24.2016,757
1017,02.22.2016,733
1018,02.20.2016,729
1019,02.19.2016,741
1020,02.18.2016,742
1021,02.17.2016,708
1022,02.16.2016,713
1023,02.15.2016,698
1024,02.12.2016,678
1025,02.11.2016,692
1026,02.10.2016,681
1027,02.09.2016,697
1028,02.08.2016,724
1029,02.05.2016,732
1030,02.04.2016,723
1031,02.03.2016,692
1032,02.02.2016,721
1033,02.01.2016,744
1034,01.29.2016,731
1035,01.28.2016,707
1036,01.27.2016,686
1037,01.26.2016,671
1038,01.25.2016,696
1039,01.22.2016,645
1040,01.21.2016,631
1041,01.20.2016,653
1042,01.19.2016,649
1043,01.18.2016,649
1044,01.15.2016,693
1045,01.14.2016,690
1046,01.13.2016,694
1047,01.12.2016,693
1048,01.11.2016,723
1049,01.06.2016,753
1050,01.05.2016,747
1051,01.04.2016,755
1052,12.30.2015,769
1053,12.29.2015,754
1054,12.28.2015,772
1055,12.25.2015,781
1056,12.24.2015,790
1057,12.23.2015,760
1058,12.22.2015,760
1059,12.21.2015,765
1060,12.18.2015,788
1061,12.17.2015,786
1062,12.16.2015,785
1063,12.15.2015,764
1064,12.14.2015,768
1065,12.11.2015,789
1066,12.10.2015,787
1067,12.09.2015,780
1068,12.08.2015,789
1069,12.07.2015,812
1070,12.04.2015,831
1071,12.03.2015,827
1072,12.02.2015,839
1073,12.01.2015,845
1074,11.30.2015,851
1075,11.27.2015,873
1076,11.26.2015,881
1077,11.25.2015,870
1078,11.24.2015,894
1079,11.23.2015,887
1080,11.20.2015,881
1081,11.19.2015,885
1082,11.18.2015,864
1083,11.17.2015,834
1084,11.16.2015,815
1085,11.13.2015,824
1086,11.12.2015,839
1087,11.11.2015,852
1088,11.10.2015,853
1089,11.09.2015,856
1090,11.06.2015,878
1091,11.05.2015,889
1092,11.03.2015,856
1093,11.02.2015,843
1094,10.30.2015,837
1095,10.29.2015,852
1096,10.28.2015,837
1097,10.27.2015,856
1098,10.26.2015,873
1099,10.23.2015,863
1100,10.22.2015,855
1101,10.21.2015,873
1102,10.20.2015,868
1103,10.19.2015,881
1104,10.16.2015,885
1105,10.15.2015,867
1106,10.14.2015,858
1107,10.13.2015,866
1108,10.12.2015,883
1109,10.09.2015,865
1110,10.08.2015,841
1111,10.07.2015,831
1112,10.06.2015,804
1113,10.05.2015,769
1114,10.02.2015,781
1115,10.01.2015,791
1116,09.30.2015,784
1117,09.29.2015,769
1118,09.28.2015,788
1119,09.25.2015,771
1120,09.24.2015,779
1121,09.23.2015,792
1122,09.22.2015,810
1123,09.21.2015,814
1124,09.18.2015,828
1125,09.17.2015,836
1126,09.16.2015,811
1127,09.15.2015,807
1128,09.14.2015,797
1129,09.11.2015,800
1130,09.10.2015,789
1131,09.09.2015,797
1132,09.08.2015,777
1133,09.07.2015,787
1134,09.04.2015,801
1135,09.03.2015,796
1136,09.02.2015,799
1137,09.01.2015,844
1138,08.31.2015,826
1139,08.28.2015,809
1140,08.27.2015,762
1141,08.26.2015,756
1142,08.25.2015,727
1143,08.24.2015,747
1144,08.21.2015,788
1145,08.20.2015,791
1146,08.19.2015,809
1147,08.18.2015,824
1148,08.17.2015,831
1149,08.14.2015,828
1150,08.13.2015,833
1151,08.12.2015,829
1152,08.11.2015,850
1153,08.10.2015,832
1154,08.07.2015,824
1155,08.06.2015,839
1156,08.05.2015,838
1157,08.04.2015,828
1158,08.03.2015,852
1159,07.31.2015,863
1160,07.30.2015,868
1161,07.29.2015,843
1162,07.28.2015,838
1163,07.27.2015,859
1164,07.24.2015,882
1165,07.23.2015,896
1166,07.22.2015,904
1167,07.21.2015,899
1168,07.20.2015,912
1169,07.17.2015,916
1170,07.16.2015,907
1171,07.15.2015,909
1172,07.14.2015,914
1173,07.13.2015,903
1174,07.10.2015,890
1175,07.09.2015,876
1176,07.08.2015,890
1177,07.07.2015,899
1178,07.06.2015,914
1179,07.03.2015,931
1180,07.02.2015,927
1181,07.01.2015,940
1182,06.30.2015,926
1183,06.29.2015,938
1184,06.26.2015,940
1185,06.25.2015,951
1186,06.24.2015,966
1187,06.23.2015,978
1188,06.22.2015,969
1189,06.19.2015,980
1190,06.18.2015,973
1191,06.17.2015,978
1192,06.16.2015,957
1193,06.15.2015,947
1194,06.11.2015,958
1195,06.10.2015,944
1196,06.09.2015,926
1197,06.08.2015,924
1198,06.05.2015,916
1199,06.04.2015,946
1200,06.03.2015,977
1201,06.02.2015,953
1202,06.01.2015,975
1203,05.29.2015,992
1204,05.28.2015,1008
1205,05.27.2015,1022
1206,05.26.2015,1044
1207,05.25.2015,1050
1208,05.22.2015,1044
1209,05.21.2015,1035
1210,05.20.2015,1056
1211,05.19.2015,1076
1212,05.18.2015,1075
1213,05.15.2015,1057
1214,05.14.2015,1077
1215,05.13.2015,1072
1216,05.12.2015,1058
1217,05.08.2015,1058
1218,05.07.2015,1059
1219,05.06.2015,1074
1220,05.05.2015,1033
1221,04.30.2015,1031
1222,04.29.2015,1027
1223,04.28.2015,1016
1224,04.27.2015,1041
1225,04.24.2015,1030
1226,04.23.2015,1009
1227,04.22.2015,1004
1228,04.21.2015,995
1229,04.20.2015,1004
1230,04.17.2015,1065
1231,04.16.2015,1060
1232,04.15.2015,1017
1233,04.14.2015,1011
1234,04.13.2015,984
1235,04.10.2015,1008
1236,04.09.2015,987
1237,04.08.2015,969
1238,04.07.2015,967
1239,04.06.2015,934
1240,04.03.2015,934
1241,04.02.2015,908
1242,04.01.2015,878
1243,03.31.2015,881
1244,03.30.2015,855
1245,03.27.2015,870
1246,03.26.2015,889
1247,03.25.2015,882
1248,03.24.2015,859
1249,03.23.2015,868
1250,03.20.2015,845
1251,03.19.2015,866
1252,03.18.2015,826
1253,03.17.2015,816
1254,03.16.2015,825
1255,03.13.2015,856
1256,03.12.2015,855
1257,03.11.2015,842
1258,03.10.2015,896
1259,03.06.2015,913
1260,03.05.2015,896
1261,03.04.2015,918
1262,03.03.2015,899
1263,03.02.2015,901
1264,02.27.2015,905
1265,02.26.2015,897
1266,02.25.2015,888
1267,02.24.2015,897
1268,02.20.2015,912
1269,02.19.2015,927
1270,02.18.2015,906
1271,02.17.2015,897
1272,02.16.2015,912
1273,02.13.2015,876
1274,02.12.2015,853
1275,02.11.2015,845
1276,02.10.2015,836
1277,02.09.2015,827
1278,02.06.2015,805
1279,02.05.2015,765
1280,02.04.2015,797
1281,02.03.2015,752
1282,02.02.2015,754
1283,01.30.2015,751
1284,01.29.2015,762
1285,01.28.2015,790
1286,01.27.2015,756
1287,01.26.2015,815
1288,01.23.2015,821
1289,01.22.2015,782
1290,01.21.2015,760
1291,01.20.2015,765
1292,01.19.2015,769
1293,01.16.2015,754
1294,01.15.2015,756
1295,01.14.2015,738
1296,01.13.2015,755
1297,01.12.2015,776
1298,01.09.2015,810
1299,01.08.2015,746
1300,01.06.2015,755
1301,01.05.2015,785
1302,12.30.2014,774
1303,12.29.2014,827
1304,12.26.2014,845
1305,12.25.2014,820
1306,12.24.2014,800
1307,12.23.2014,811
1308,12.22.2014,779
1309,12.19.2014,753
1310,12.18.2014,739
1311,12.17.2014,667
1312,12.16.2014,710
1313,12.15.2014,792
1314,12.12.2014,814
1315,12.11.2014,855
1316,12.10.2014,861
1317,12.09.2014,867
1318,12.08.2014,912
1319,12.05.2014,917
1320,12.04.2014,948
1321,12.03.2014,925
1322,12.02.2014,964
1323,12.01.2014,963
1324,11.28.2014,997
1325,11.27.2014,1024
1326,11.26.2014,1045
1327,11.25.2014,1073
1328,11.24.2014,1060
1329,11.21.2014,1043
1330,11.20.2014,1021
1331,11.19.2014,1020
1332,11.18.2014,1007
1333,11.17.2014,1001
1334,11.14.2014,1008
1335,11.13.2014,1042
1336,11.12.2014,1030
1337,11.11.2014,1042
1338,11.10.2014,1011
1339,11.07.2014,1011
1340,11.06.2014,1050
1341,11.05.2014,1071
1342,11.03.2014,1085
1343,10.31.2014,1103
1344,10.30.2014,1056
1345,10.29.2014,1052
1346,10.28.2014,1039
1347,10.27.2014,1041
1348,10.24.2014,1035
1349,10.23.2014,1045
1350,10.22.2014,1066
1351,10.21.2014,1054
1352,10.20.2014,1075
1353,10.17.2014,1051
1354,10.16.2014,1068
1355,10.15.2014,1072
1356,10.14.2014,1077
1357,10.13.2014,1061
1358,10.10.2014,1081
1359,10.09.2014,1092
1360,10.08.2014,1102
1361,10.07.2014,1120
1362,10.06.2014,1096
1363,10.03.2014,1093
1364,10.02.2014,1111
1365,10.01.2014,1122
1366,09.30.2014,1127
1367,09.29.2014,1159
1368,09.26.2014,1171
1369,09.25.2014,1191
1370,09.24.2014,1168
1371,09.23.2014,1152
1372,09.22.2014,1168
1373,09.19.2014,1188
1374,09.18.2014,1189
1375,09.17.2014,1199
1376,09.16.2014,1195
1377,09.15.2014,1212
1378,09.12.2014,1217
1379,09.11.2014,1242
1380,09.10.2014,1243
1381,09.09.2014,1246
1382,09.08.2014,1254
1383,09.05.2014,1237
1384,09.04.2014,1241
1385,09.03.2014,1179
1386,09.02.2014,1177
1387,09.01.2014,1192
1388,08.29.2014,1218
1389,08.28.2014,1259
1390,08.27.2014,1262
1391,08.26.2014,1267
1392,08.25.2014,1260
1393,08.22.2014,1275
1394,08.21.2014,1256
1395,08.20.2014,1251
1396,08.19.2014,1244
1397,08.18.2014,1233
1398,08.15.2014,1231
1399,08.14.2014,1221
1400,08.13.2014,1198
1401,08.12.2014,1203
1402,08.11.2014,1181
1403,08.08.2014,1156
1404,08.07.2014,1158
1405,08.06.2014,1189
1406,08.05.2014,1213
1407,08.04.2014,1213
1408,08.01.2014,1215
1409,07.31.2014,1223
1410,07.30.2014,1202
1411,07.29.2014,1208
1412,07.28.2014,1242
1413,07.25.2014,1264
1414,07.24.2014,1269
1415,07.23.2014,1268
1416,07.22.2014,1244
1417,07.21.2014,1277
1418,07.18.2014,1278
1419,07.17.2014,1336
1420,07.16.2014,1342
1421,07.15.2014,1358
1422,07.14.2014,1379
1423,07.11.2014,1384
1424,07.10.2014,1408
1425,07.09.2014,1391
1426,07.08.2014,1383
1427,07.07.2014,1359
1428,07.04.2014,1389
1429,07.03.2014,1391
1430,07.02.2014,1361
1431,07.01.2014,1361
1432,06.30.2014,1379
1433,06.27.2014,1378
1434,06.26.2014,1385
1435,06.25.2014,1412
1436,06.24.2014,1373
1437,06.23.2014,1361
1438,06.20.2014,1368
1439,06.19.2014,1372
1440,06.18.2014,1344
1441,06.17.2014,1357
1442,06.16.2014,1356
1443,06.11.2014,1367
1444,06.10.2014,1363
1445,06.09.2014,1359
1446,06.06.2014,1337
1447,06.05.2014,1326
1448,06.04.2014,1321
1449,06.03.2014,1318
1450,06.02.2014,1297
1451,05.30.2014,1315
1452,05.29.2014,1301
1453,05.28.2014,1297
1454,05.27.2014,1335
1455,05.26.2014,1328
1456,05.23.2014,1311
1457,05.22.2014,1322
1458,05.21.2014,1298
1459,05.20.2014,1291
1460,05.19.2014,1262
1461,05.16.2014,1250
1462,05.15.2014,1262
1463,05.14.2014,1254
1464,05.13.2014,1234
1465,05.12.2014,1233
1466,05.08.2014,1230
1467,05.07.2014,1169
1468,05.06.2014,1144
1469,05.05.2014,1144
1470,05.02.2014,1151
1471,04.30.2014,1153
1472,04.29.2014,1149
1473,04.28.2014,1114
1474,04.25.2014,1140
1475,04.24.2014,1174
1476,04.23.2014,1178
1477,04.22.2014,1186
1478,04.21.2014,1200
1479,04.18.2014,1194
1480,04.17.2014,1157
1481,04.16.2014,1146
1482,04.15.2014,1175
1483,04.14.2014,1200
1484,04.11.2014,1199
1485,04.10.2014,1196
1486,04.09.2014,1195
1487,04.08.2014,1194
1488,04.07.2014,1225
1489,04.04.2014,1213
1490,04.03.2014,1222
1491,04.02.2014,1236
1492,04.01.2014,1227
1493,03.31.2014,1187
1494,03.28.2014,1180
1495,03.27.2014,1193
1496,03.26.2014,1176
1497,03.25.2014,1135
1498,03.24.2014,1135
1499,03.21.2014,1127
1500,03.20.2014,1142
1501,03.19.2014,1160
1502,03.18.2014,1121
1503,03.17.2014,1070
1504,03.14.2014,1064
1505,03.13.2014,1104
1506,03.12.2014,1126
1507,03.11.2014,1153
1508,03.07.2014,1163
1509,03.06.2014,1182
1510,03.05.2014,1188
1511,03.04.2014,1121
1512,03.03.2014,1239
1513,02.28.2014,1262
1514,02.27.2014,1285
1515,02.26.2014,1306
1516,02.25.2014,1321
1517,02.24.2014,1315
1518,02.21.2014,1305
1519,02.20.2014,1300
1520,02.19.2014,1342
1521,02.18.2014,1347
1522,02.17.2014,1343
1523,02.14.2014,1321
1524,02.13.2014,1353
1525,02.12.2014,1341
1526,02.11.2014,1336
1527,02.10.2014,1341
1528,02.07.2014,1330
1529,02.06.2014,1317
1530,02.05.2014,1291
1531,02.04.2014,1293
1532,02.03.2014,1301
1533,01.31.2014,1320
1534,01.30.2014,1308
1535,01.29.2014,1332
1536,01.28.2014,1346
1537,01.27.2014,1364
1538,01.24.2014,1381
1539,01.23.2014,1391
1540,01.22.2014,1395
1541,01.21.2014,1394
1542,01.20.2014,1395
1543,01.17.2014,1397
1544,01.16.2014,1401
1545,01.15.2014,1388
1546,01.14.2014,1401
1547,01.13.2014,1395
1548,01.10.2014,1388
1549,01.09.2014,1390
1550,01.08.2014,1388
1551,01.06.2014,1442
1552,12.30.2013,1445
1553,12.27.2013,1448
1554,12.26.2013,1447
1555,12.25.2013,1454
1556,12.24.2013,1453
1557,12.23.2013,1429
1558,12.20.2013,1431
1559,12.19.2013,1423
1560,12.18.2013,1414
1561,12.17.2013,1407
1562,12.16.2013,1391
1563,12.13.2013,1393
1564,12.12.2013,1409
1565,12.11.2013,1409
1566,12.10.2013,1412
1567,12.09.2013,1390
1568,12.06.2013,1362
1569,12.05.2013,1364
1570,12.04.2013,1372
1571,12.03.2013,1398
1572,12.02.2013,1402
1573,11.29.2013,1406
1574,11.28.2013,1404
1575,11.27.2013,1416
1576,11.26.2013,1433
1577,11.25.2013,1444
1578,11.22.2013,1425
1579,11.21.2013,1447
1580,11.20.2013,1455
1581,11.19.2013,1462
1582,11.18.2013,1444
1583,11.15.2013,1434
1584,11.14.2013,1406
1585,11.13.2013,1437
1586,11.12.2013,1427
1587,11.11.2013,1435
1588,11.08.2013,1468
1589,11.07.2013,1458
1590,11.06.2013,1460
1591,11.05.2013,1475
1592,11.01.2013,1480
1593,10.31.2013,1493
1594,10.30.2013,1491
1595,10.29.2013,1493
1596,10.28.2013,1492
1597,10.25.2013,1493
1598,10.24.2013,1494
1599,10.23.2013,1518
1600,10.22.2013,1514
1601,10.21.2013,1516
1602,10.18.2013,1491
1603,10.17.2013,1500
1604,10.16.2013,1495
1605,10.15.2013,1473
1606,10.14.2013,1477
1607,10.11.2013,1484
1608,10.10.2013,1461
1609,10.09.2013,1471
1610,10.08.2013,1444
1611,10.07.2013,1443
1612,10.04.2013,1427
1613,10.03.2013,1421
1614,10.02.2013,1438
1615,10.01.2013,1422
1616,09.30.2013,1432
1617,09.27.2013,1451
1618,09.26.2013,1452
1619,09.25.2013,1446
1620,09.24.2013,1451
1621,09.23.2013,1462
1622,09.20.2013,1478
1623,09.19.2013,1429
1624,09.18.2013,1439
1625,09.17.2013,1436
1626,09.16.2013,1396
1627,09.13.2013,1401
1628,09.12.2013,1394
1629,09.11.2013,1390
1630,09.10.2013,1380
1631,09.09.2013,1345
1632,09.06.2013,1339
1633,09.05.2013,1298
1634,09.04.2013,1293
1635,09.03.2013,1291
1636,09.02.2013,1290
1637,08.30.2013,1300
1638,08.29.2013,1299
1639,08.28.2013,1304
1640,08.27.2013,1324
1641,08.26.2013,1330
1642,08.23.2013,1329
1643,08.22.2013,1312
1644,08.21.2013,1317
1645,08.20.2013,1322
1646,08.19.2013,1323
1647,08.16.2013,1327
1648,08.15.2013,1356
1649,08.14.2013,1338
1650,08.13.2013,1326
1651,08.12.2013,1325
1652,08.09.2013,1303
1653,08.08.2013,1301
1654,08.07.2013,1304
1655,08.06.2013,1333
1656,08.05.2013,1336
1657,08.02.2013,1331
1658,08.01.2013,1313
1659,07.31.2013,1326
1660,07.30.2013,1341
1661,07.29.2013,1348
1662,07.26.2013,1353
1663,07.25.2013,1369
1664,07.24.2013,1379
1665,07.23.2013,1380
1666,07.22.2013,1382
1667,07.19.2013,1377
1668,07.18.2013,1393
1669,07.17.2013,1368
1670,07.16.2013,1354
1671,07.15.2013,1348
1672,07.12.2013,1322
1673,07.11.2013,1275
1674,07.10.2013,1282
1675,07.09.2013,1277
1676,07.08.2013,1268
1677,07.05.2013,1280
1678,07.04.2013,1264
1679,07.03.2013,1274
1680,07.02.2013,1276
1681,07.01.2013,1275
1682,06.28.2013,1262
1683,06.27.2013,1261
1684,06.26.2013,1243
1685,06.25.2013,1233
1686,06.24.2013,1245
1687,06.21.2013,1243
1688,06.20.2013,1291
1689,06.19.2013,1314
1690,06.18.2013,1314
1691,06.17.2013,1293
1692,06.14.2013,1261
1693,06.13.2013,1263
1694,06.11.2013,1300
1695,06.10.2013,1314
1696,06.07.2013,1286
1697,06.06.2013,1301
1698,06.05.2013,1322
1699,06.04.2013,1319
1700,06.03.2013,1331
1701,05.31.2013,1350
1702,05.30.2013,1360
1703,05.29.2013,1399
1704,05.28.2013,1385
1705,05.27.2013,1388
1706,05.24.2013,1400
1707,05.23.2013,1461
1708,05.22.2013,1433
1709,05.21.2013,1417
1710,05.20.2013,1405
1711,05.17.2013,1380
1712,05.16.2013,1391
1713,05.15.2013,1412
1714,05.14.2013,1422
1715,05.13.2013,1429
1716,05.10.2013,1452
1717,05.08.2013,1451
1718,05.07.2013,1432
1719,05.06.2013,1429
1720,05.03.2013,1387
1721,05.02.2013,1407
1722,04.30.2013,1387
1723,04.29.2013,1382
1724,04.26.2013,1387
1725,04.25.2013,1375
1726,04.24.2013,1333
1727,04.23.2013,1329
1728,04.22.2013,1336
1729,04.19.2013,1327
1730,04.18.2013,1327
1731,04.17.2013,1356
1732,04.16.2013,1366
1733,04.15.2013,1405
1734,04.12.2013,1433
1735,04.11.2013,1453
1736,04.10.2013,1439
1737,04.09.2013,1419
1738,04.08.2013,1411
1739,04.05.2013,1419
1740,04.04.2013,1425
1741,04.03.2013,1440
1742,04.02.2013,1445
1743,04.01.2013,1460
1744,03.29.2013,1454
1745,03.28.2013,1446
1746,03.27.2013,1445
1747,03.26.2013,1458
1748,03.25.2013,1470
1749,03.22.2013,1485
1750,03.21.2013,1489
1751,03.20.2013,1478
1752,03.19.2013,1494
1753,03.18.2013,1537
1754,03.15.2013,1535
1755,03.14.2013,1531
1756,03.13.2013,1542
1757,03.12.2013,1539
1758,03.11.2013,1532
1759,03.07.2013,1529
1760,03.06.2013,1523
1761,03.05.2013,1498
1762,03.04.2013,1509
1763,03.01.2013,1534
1764,02.28.2013,1530
1765,02.27.2013,1531
1766,02.26.2013,1565
1767,02.25.2013,1551
1768,02.22.2013,1545
1769,02.21.2013,1582
1770,02.20.2013,1592
1771,02.19.2013,1578
1772,02.18.2013,1577
1773,02.15.2013,1588
1774,02.14.2013,1612
1775,02.13.2013,1582
1776,02.12.2013,1581
1777,02.11.2013,1590
1778,02.08.2013,1595
1779,02.07.2013,1602
1780,02.06.2013,1614
1781,02.05.2013,1612
1782,02.04.2013,1628
1783,02.01.2013,1621
1784,01.31.2013,1618
1785,01.30.2013,1623
1786,01.29.2013,1635
1787,01.28.2013,1618
1788,01.25.2013,1604
1789,01.24.2013,1605
1790,01.23.2013,1589
1791,01.22.2013,1600
1792,01.21.2013,1603
1793,01.18.2013,1585
1794,01.17.2013,1571
1795,01.16.2013,1576
1796,01.15.2013,1590
1797,01.14.2013,1571
1798,01.11.2013,1572
1799,01.10.2013,1568
1800,01.09.2013,1576
1801,01.08.2013,1526
1802,12.28.2012,1535
1803,12.27.2012,1526
1804,12.26.2012,1513
1805,12.25.2012,1515
1806,12.24.2012,1512
1807,12.21.2012,1528
1808,12.20.2012,1517
1809,12.19.2012,1511
1810,12.18.2012,1491
1811,12.17.2012,1500
1812,12.14.2012,1499
1813,12.13.2012,1506
1814,12.12.2012,1484
1815,12.11.2012,1480
1816,12.10.2012,1473
1817,12.07.2012,1467
1818,12.06.2012,1469
1819,12.05.2012,1443
1820,12.04.2012,1451
1821,12.03.2012,1437
1822,11.30.2012,1420
1823,11.29.2012,1397
1824,11.28.2012,1417
1825,11.27.2012,1426
1826,11.26.2012,1432
1827,11.23.2012,1419
1828,11.22.2012,1420
1829,11.21.2012,1403
1830,11.20.2012,1399
1831,11.19.2012,1376
1832,11.16.2012,1381
1833,11.15.2012,1367
1834,11.14.2012,1363
1835,11.13.2012,1404
1836,11.12.2012,1397
1837,11.09.2012,1410
1838,11.08.2012,1426
1839,11.07.2012,1448
1840,11.06.2012,1444
1841,11.02.2012,1443
1842,11.01.2012,1433
1843,10.31.2012,1429
1844,10.30.2012,1435
1845,10.29.2012,1441
1846,10.26.2012,1456
1847,10.25.2012,1462
1848,10.24.2012,1457
1849,10.23.2012,1499
1850,10.22.2012,1494
1851,10.19.2012,1512
1852,10.18.2012,1513
1853,10.17.2012,1488
1854,10.16.2012,1466
1855,10.15.2012,1472
1856,10.12.2012,1490
1857,10.11.2012,1483
1858,10.10.2012,1493
1859,10.09.2012,1492
1860,10.08.2012,1508
1861,10.05.2012,1483
1862,10.04.2012,1492
1863,10.03.2012,1507
1864,10.02.2012,1513
1865,10.01.2012,1475
1866,09.28.2012,1474
1867,09.27.2012,1459
1868,09.26.2012,1510
1869,09.25.2012,1509
1870,09.24.2012,1522
1871,09.21.2012,1516
1872,09.20.2012,1517
1873,09.19.2012,1547
1874,09.18.2012,1582
1875,09.17.2012,1589
1876,09.14.2012,1484
1877,09.13.2012,1482
1878,09.12.2012,1480
1879,09.11.2012,1476
1880,09.10.2012,1471
1881,09.07.2012,1437
1882,09.06.2012,1390
1883,09.05.2012,1405
1884,09.04.2012,1406
1885,09.03.2012,1386
1886,08.31.2012,1384
1887,08.30.2012,1410
1888,08.29.2012,1428
1889,08.28.2012,1431
1890,08.27.2012,1436
1891,08.24.2012,1442
1892,08.23.2012,1430
1893,08.22.2012,1442
1894,08.21.2012,1403
1895,08.20.2012,1416
1896,08.17.2012,1431
1897,08.16.2012,1427
1898,08.15.2012,1445
1899,08.14.2012,1435
1900,08.13.2012,1430
1901,08.10.2012,1447
1902,08.09.2012,1444
1903,08.08.2012,1445
1904,08.07.2012,1436
1905,08.06.2012,1398
1906,08.03.2012,1351
1907,08.02.2012,1374
1908,08.01.2012,1377
1909,07.31.2012,1398
1910,07.30.2012,1382
1911,07.27.2012,1350
1912,07.26.2012,1317
1913,07.25.2012,1314
1914,07.24.2012,1323
1915,07.23.2012,1391
1916,07.20.2012,1413
1917,07.19.2012,1390
1918,07.18.2012,1382
1919,07.17.2012,1374
1920,07.16.2012,1368
1921,07.13.2012,1340
1922,07.12.2012,1355
1923,07.11.2012,1361
1924,07.10.2012,1352
1925,07.09.2012,1357
1926,07.06.2012,1388
1927,07.05.2012,1407
1928,07.04.2012,1407
1929,07.03.2012,1357
1930,07.02.2012,1350
1931,06.29.2012,1280
1932,06.28.2012,1306
1933,06.27.2012,1288
1934,06.26.2012,1261
1935,06.25.2012,1281
1936,06.22.2012,1306
1937,06.21.2012,1332
1938,06.20.2012,1350
1939,06.19.2012,1348
1940,06.18.2012,1337
1941,06.15.2012,1304
1942,06.14.2012,1309
1943,06.13.2012,1296
1944,06.09.2012,1282
1945,06.08.2012,1303
1946,06.07.2012,1277
1947,06.06.2012,1246
1948,06.05.2012,1239
1949,06.04.2012,1227
1950,06.01.2012,1242
1951,05.31.2012,1273
1952,05.30.2012,1307
1953,05.29.2012,1277
1954,05.28.2012,1272
1955,05.25.2012,1287
1956,05.24.2012,1264
1957,05.23.2012,1321
1958,05.22.2012,1318
1959,05.21.2012,1289
1960,05.18.2012,1313
1961,05.17.2012,1373
1962,05.16.2012,1400
1963,05.15.2012,1401
1964,05.14.2012,1453
1965,05.12.2012,1463
1966,05.11.2012,1489
1967,05.10.2012,1481
1968,05.08.2012,1488
1969,05.07.2012,1489
1970,05.05.2012,1498
1971,05.04.2012,1560
1972,05.03.2012,1569
1973,05.02.2012,1593
1974,04.28.2012,1594
1975,04.27.2012,1574
1976,04.26.2012,1583
1977,04.25.2012,1576
1978,04.24.2012,1572
1979,04.23.2012,1619
1980,04.20.2012,1609
1981,04.19.2012,1583
1982,04.18.2012,1585
1983,04.17.2012,1587
1984,04.16.2012,1612
1985,04.13.2012,1618
1986,04.12.2012,1615
1987,04.11.2012,1606
1988,04.10.2012,1622
1989,04.09.2012,1612
1990,04.06.2012,1642
1991,04.05.2012,1632
1992,04.04.2012,1680
1993,04.03.2012,1643
1994,04.02.2012,1637
1995,03.30.2012,1613
1996,03.29.2012,1647
1997,03.28.2012,1698
1998,03.27.2012,1712
1999,03.26.2012,1668
2000,03.23.2012,1653
2001,03.22.2012,1684
2002,03.21.2012,1693
2003,03.20.2012,1722
2004,03.19.2012,1748
2005,03.16.2012,1754
2006,03.15.2012,1752
2007,03.14.2012,1729
2008,03.13.2012,1714
2009,03.12.2012,1721
2010,03.11.2012,1678
2011,03.07.2012,1676
2012,03.06.2012,1751
2013,03.05.2012,1726
2014,03.02.2012,1723
2015,03.01.2012,1734
2016,02.29.2012,1708
2017,02.28.2012,1728
2018,02.27.2012,1722
2019,02.24.2012,1642
2020,02.22.2012,1653
2021,02.21.2012,1674
2022,02.20.2012,1656
2023,02.17.2012,1642
2024,02.16.2012,1661
2025,02.15.2012,1644
2026,02.14.2012,1646
2027,02.13.2012,1603
2028,02.10.2012,1638
2029,02.09.2012,1643
2030,02.08.2012,1633
2031,02.07.2012,1626
2032,02.06.2012,1625
2033,02.03.2012,1603
2034,02.02.2012,1599
2035,02.01.2012,1577
2036,01.31.2012,1546
2037,01.30.2012,1566
2038,01.27.2012,1573
2039,01.26.2012,1534
2040,01.25.2012,1514
2041,01.24.2012,1525
2042,01.23.2012,1496
2043,01.20.2012,1503
2044,01.19.2012,1488
2045,01.18.2012,1476
2046,01.17.2012,1455
2047,01.16.2012,1446
2048,01.13.2012,1458
2049,01.12.2012,1452
2050,01.11.2012,1469
2051,01.10.2012,1429
2052,01.09.2012,1423
2053,01.06.2012,1415
2054,01.05.2012,1434
2055,01.04.2012,1434
2056,01.03.2012,1381
2057,12.30.2011,1365
2058,12.29.2011,1379
2059,12.28.2011,1398
2060,12.27.2011,1413
2061,12.26.2011,1394
2062,12.23.2011,1396
2063,12.22.2011,1381
2064,12.21.2011,1395
2065,12.20.2011,1370
2066,12.19.2011,1373
2067,12.16.2011,1395
2068,12.15.2011,1369
2069,12.14.2011,1387
2070,12.13.2011,1363
2071,12.12.2011,1410
2072,12.09.2011,1472
2073,12.08.2011,1467
2074,12.07.2011,1485
2075,12.06.2011,1559
2076,12.05.2011,1547
2077,12.02.2011,1546
2078,12.01.2011,1541
2079,11.30.2011,1467
2080,11.29.2011,1475
2081,11.28.2011,1413
2082,11.25.2011,1402
2083,11.24.2011,1422
2084,11.23.2011,1431
2085,11.22.2011,1424
2086,11.21.2011,1495
2087,11.18.2011,1512
2088,11.17.2011,1520
2089,11.16.2011,1526
2090,11.15.2011,1527
2091,11.14.2011,1531
2092,11.11.2011,1529
2093,11.10.2011,1512
2094,11.09.2011,1579
2095,11.08.2011,1563
2096,11.07.2011,1543
2097,11.03.2011,1526
2098,11.02.2011,1484
2099,11.01.2011,1563
2100,10.31.2011,1610
2101,10.28.2011,1592
2102,10.27.2011,1530
2103,10.26.2011,1500
2104,10.25.2011,1508
2105,10.24.2011,1456
2106,10.21.2011,1422
2107,10.20.2011,1438
2108,10.19.2011,1427
2109,10.18.2011,1427
2110,10.17.2011,1449
2111,10.14.2011,1396
2112,10.13.2011,1406
2113,10.12.2011,1355
2114,10.11.2011,1365
2115,10.10.2011,1311
2116,10.07.2011,1271
2117,10.06.2011,1217
2118,10.05.2011,1223
2119,10.04.2011,1291
2120,10.03.2011,1341
2121,09.30.2011,1389
2122,09.29.2011,1367
2123,09.28.2011,1369
2124,09.27.2011,1316
2125,09.26.2011,1315
2126,09.23.2011,1387
2127,09.22.2011,1518
2128,09.21.2011,1535
2129,09.20.2011,1526
2130,09.19.2011,1574
2131,09.16.2011,1603
2132,09.15.2011,1570
2133,09.14.2011,1572
2134,09.13.2011,1566
2135,09.12.2011,1625
2136,09.09.2011,1675
2137,09.08.2011,1669
2138,09.07.2011,1618
2139,09.06.2011,1616
2140,09.05.2011,1657
2141,09.02.2011,1701
2142,09.01.2011,1702
2143,08.31.2011,1662
2144,08.30.2011,1667
2145,08.29.2011,1596
2146,08.26.2011,1583
2147,08.25.2011,1596
2148,08.24.2011,1578
2149,08.23.2011,1576
2150,08.22.2011,1575
2151,08.19.2011,1587
2152,08.18.2011,1663
2153,08.17.2011,1633
2154,08.16.2011,1655
2155,08.15.2011,1594
2156,08.12.2011,1544
2157,08.11.2011,1537
2158,08.10.2011,1610
2159,08.09.2011,1657
2160,08.08.2011,1798
2161,08.05.2011,1855
2162,08.04.2011,1901
2163,08.03.2011,1965
2164,08.02.2011,1985
2165,08.01.2011,1965
2166,07.29.2011,1985
2167,07.28.2011,1976
2168,07.27.2011,1987
2169,07.26.2011,1980
2170,07.25.2011,1977
2171,07.22.2011,1972
2172,07.21.2011,1936
2173,07.20.2011,1926
2174,07.19.2011,1904
2175,07.18.2011,1938
2176,07.15.2011,1939
2177,07.14.2011,1940
2178,07.13.2011,1917
2179,07.12.2011,1919
2180,07.11.2011,1957
2181,07.08.2011,1978
2182,07.07.2011,1939
2183,07.06.2011,1952
2184,07.05.2011,1948
2185,07.04.2011,1936
2186,07.01.2011,1906
2187,06.30.2011,1894
2188,06.29.2011,1874
2189,06.28.2011,1842
2190,06.27.2011,1856
2191,06.24.2011,1829
2192,06.23.2011,1878
2193,06.22.2011,1872
2194,06.21.2011,1858
2195,06.20.2011,1878
2196,06.17.2011,1896
2197,06.16.2011,1919
2198,06.15.2011,1925
2199,06.14.2011,1920
2200,06.10.2011,1940
2201,06.09.2011,1913
2202,06.08.2011,1904
2203,06.07.2011,1865
2204,06.06.2011,1858
2205,06.03.2011,1883
2206,06.02.2011,1876
2207,06.01.2011,1888
2208,05.31.2011,1865
2209,05.30.2011,1858
2210,05.27.2011,1815
2211,05.26.2011,1808
2212,05.25.2011,1801
2213,05.24.2011,1764
2214,05.23.2011,1825
2215,05.20.2011,1858
2216,05.19.2011,1849
2217,05.18.2011,1827
2218,05.17.2011,1846
2219,05.16.2011,1866
2220,05.13.2011,1864
2221,05.12.2011,1908
2222,05.11.2011,1927
2223,05.10.2011,1936
2224,05.06.2011,1916
2225,05.05.2011,1950
2226,05.04.2011,1976
2227,05.03.2011,2026
2228,04.29.2011,2028
2229,04.28.2011,2015
2230,04.27.2011,2033
2231,04.26.2011,2030
2232,04.25.2011,2049
2233,04.22.2011,2039
2234,04.21.2011,2030
2235,04.20.2011,1988
2236,04.19.2011,1950
2237,04.18.2011,2030
2238,04.15.2011,2028
2239,04.14.2011,2062
2240,04.13.2011,2062
2241,04.12.2011,2113
2242,04.11.2011,2123
2243,04.08.2011,2089
2244,04.07.2011,2110
2245,04.06.2011,2088
2246,04.05.2011,2092
2247,04.04.2011,2080
2248,04.01.2011,2044
2249,03.31.2011,2035
2250,03.30.2011,2018
2251,03.29.2011,2045
2252,03.28.2011,2043
2253,03.25.2011,2030
2254,03.24.2011,1997
2255,03.23.2011,1976
2256,03.22.2011,1981
2257,03.21.2011,1962
2258,03.18.2011,1945
2259,03.17.2011,1915
2260,03.16.2011,1906
2261,03.15.2011,1944
2262,03.14.2011,1929
2263,03.11.2011,1949
2264,03.10.2011,2012
2265,03.09.2011,2028
2266,03.05.2011,2012
2267,03.04.2011,2017
2268,03.03.2011,1991
2269,03.02.2011,1968
2270,03.01.2011,1971
2271,02.28.2011,1932
2272,02.25.2011,1901
2273,02.24.2011,1874
2274,02.22.2011,1889
2275,02.21.2011,1868
2276,02.18.2011,1869
2277,02.17.2011,1877
2278,02.16.2011,1865
2279,02.15.2011,1879
2280,02.14.2011,1881
2281,02.11.2011,1846
2282,02.10.2011,1900
2283,02.09.2011,1910
2284,02.08.2011,1935
2285,02.07.2011,1928
2286,02.04.2011,1917
2287,02.03.2011,1931
2288,02.02.2011,1910
2289,02.01.2011,1870
2290,01.31.2011,1884
2291,01.28.2011,1911
2292,01.27.2011,1894
2293,01.26.2011,1863
2294,01.25.2011,1861
2295,01.24.2011,1884
2296,01.21.2011,1868
2297,01.20.2011,1902
2298,01.19.2011,1900
2299,01.18.2011,1901
2300,01.17.2011,1870
2301,01.14.2011,1879
2302,01.13.2011,1868
2303,01.12.2011,1802
2304,01.11.2011,1770
2305,12.30.2010,1767
2306,12.29.2010,1769
2307,12.28.2010,1763
2308,12.27.2010,1769
2309,12.24.2010,1765
2310,12.23.2010,1763
2311,12.22.2010,1755
2312,12.21.2010,1739
2313,12.20.2010,1743
2314,12.17.2010,1744
2315,12.16.2010,1757
2316,12.15.2010,1745
2317,12.14.2010,1735
2318,12.13.2010,1712
2319,12.10.2010,1711
2320,12.09.2010,1694
2321,12.08.2010,1721
2322,12.07.2010,1711
2323,12.06.2010,1687
2324,12.03.2010,1665
2325,12.02.2010,1633
2326,12.01.2010,1597
2327,11.30.2010,1589
2328,11.29.2010,1602
2329,11.26.2010,1618
2330,11.25.2010,1600
2331,11.24.2010,1573
2332,11.23.2010,1599
2333,11.22.2010,1600
2334,11.19.2010,1598
2335,11.18.2010,1570
2336,11.17.2010,1568
2337,11.16.2010,1609
2338,11.15.2010,1606
2339,11.13.2010,1610
2340,11.12.2010,1629
2341,11.11.2010,1637
2342,11.10.2010,1659
2343,11.09.2010,1629
2344,11.08.2010,1603
2345,11.03.2010,1604
2346,11.02.2010,1600
2347,11.01.2010,1586
2348,10.29.2010,1583
2349,10.28.2010,1583
2350,10.27.2010,1609
2351,10.26.2010,1620
2352,10.25.2010,1608
2353,10.22.2010,1604
2354,10.21.2010,1558
2355,10.20.2010,1570
2356,10.19.2010,1583
2357,10.18.2010,1581
2358,10.15.2010,1586
2359,10.14.2010,1588
2360,10.13.2010,1574
2361,10.12.2010,1588
2362,10.11.2010,1566
2363,10.08.2010,1584
2364,10.07.2010,1577
2365,10.06.2010,1568
2366,10.05.2010,1542
2367,10.04.2010,1532
2368,10.01.2010,1507
2369,09.30.2010,1494
2370,09.29.2010,1483
2371,09.28.2010,1487
2372,09.27.2010,1488
2373,09.24.2010,1477
2374,09.23.2010,1477
2375,09.22.2010,1478
2376,09.21.2010,1467
2377,09.20.2010,1464
2378,09.17.2010,1463
2379,09.16.2010,1484
2380,09.15.2010,1493
2381,09.14.2010,1503
2382,09.13.2010,1487
2383,09.10.2010,1492
2384,09.09.2010,1469
2385,09.08.2010,1453
2386,09.07.2010,1469
2387,09.06.2010,1467
2388,09.03.2010,1455
2389,09.02.2010,1449
2390,09.01.2010,1421
2391,08.31.2010,1427
2392,08.30.2010,1421
2393,08.27.2010,1409
2394,08.26.2010,1386
2395,08.25.2010,1399
2396,08.24.2010,1423
2397,08.23.2010,1424
2398,08.20.2010,1446
2399,08.19.2010,1458
2400,08.18.2010,1464
2401,08.17.2010,1445
2402,08.16.2010,1445
2403,08.13.2010,1447
2404,08.12.2010,1460
2405,08.11.2010,1492
2406,08.10.2010,1520
2407,08.09.2010,1509
2408,08.06.2010,1517
2409,08.05.2010,1523
2410,08.04.2010,1517
2411,08.03.2010,1523
2412,08.02.2010,1479
2413,07.30.2010,1503
2414,07.29.2010,1474
2415,07.28.2010,1481
2416,07.27.2010,1468
2417,07.26.2010,1449
2418,07.23.2010,1443
2419,07.22.2010,1417
2420,07.21.2010,1388
2421,07.20.2010,1395
2422,07.19.2010,1389
2423,07.16.2010,1403
2424,07.15.2010,1412
2425,07.14.2010,1409
2426,07.13.2010,1385
2427,07.12.2010,1359
2428,07.09.2010,1356
2429,07.08.2010,1352
2430,07.07.2010,1353
2431,07.06.2010,1317
2432,07.05.2010,1316
2433,07.02.2010,1288
2434,07.01.2010,1339
2435,06.30.2010,1356
2436,06.29.2010,1404
2437,06.28.2010,1386
2438,06.25.2010,1403
2439,06.24.2010,1418
2440,06.23.2010,1434
2441,06.22.2010,1457
2442,06.21.2010,1410
2443,06.18.2010,1400
2444,06.17.2010,1401
2445,06.16.2010,1395
2446,06.15.2010,1356
2447,06.11.2010,1358
2448,06.10.2010,1334
2449,06.09.2010,1315
2450,06.08.2010,1336
2451,06.07.2010,1359
2452,06.04.2010,1390
2453,06.03.2010,1383
2454,06.02.2010,1373
2455,06.01.2010,1384
2456,05.31.2010,1366
2457,05.28.2010,1358
2458,05.27.2010,1304
2459,05.26.2010,1227
2460,05.25.2010,1314
2461,05.24.2010,1297
2462,05.21.2010,1303
2463,05.20.2010,1379
2464,05.19.2010,1438
2465,05.18.2010,1422
2466,05.17.2010,1441
2467,05.14.2010,1475
2468,05.13.2010,1485
2469,05.12.2010,1420
2470,05.11.2010,1371
2471,05.07.2010,1450
2472,05.06.2010,1482
2473,05.05.2010,1517
2474,05.04.2010,1572
2475,04.30.2010,1587
2476,04.29.2010,1563
2477,04.28.2010,1603
2478,04.27.2010,1626
2479,04.26.2010,1604
2480,04.23.2010,1583
2481,04.22.2010,1610
2482,04.21.2010,1619
2483,04.20.2010,1601
2484,04.19.2010,1642
2485,04.16.2010,1676
2486,04.15.2010,1673
2487,04.14.2010,1643
2488,04.13.2010,1648
2489,04.12.2010,1631
2490,04.09.2010,1600
2491,04.08.2010,1613
2492,04.07.2010,1633
2493,04.06.2010,1626
2494,04.05.2010,1614
2495,04.02.2010,1608
2496,04.01.2010,1572
2497,03.31.2010,1562
2498,03.30.2010,1551
2499,03.29.2010,1522
2500,03.26.2010,1515
2501,03.25.2010,1513
2502,03.24.2010,1526
2503,03.23.2010,1527
2504,03.22.2010,1546
2505,03.19.2010,1560
2506,03.18.2010,1563
2507,03.17.2010,1536
2508,03.16.2010,1514
2509,03.15.2010,1534
2510,03.12.2010,1503
2511,03.11.2010,1501
2512,03.10.2010,1502
2513,03.09.2010,1508
2514,03.05.2010,1468
2515,03.04.2010,1460
2516,03.03.2010,1445
2517,03.02.2010,1427
2518,03.01.2010,1408
2519,02.27.2010,1389
2520,02.26.2010,1373
2521,02.25.2010,1401
2522,02.24.2010,1423
2523,02.19.2010,1410
2524,02.18.2010,1421
2525,02.17.2010,1418
2526,02.16.2010,1377
2527,02.15.2010,1363
2528,02.12.2010,1391
2529,02.11.2010,1387
2530,02.10.2010,1390
2531,02.09.2010,1376
2532,02.08.2010,1411
2533,02.05.2010,1462
2534,02.04.2010,1507
2535,02.03.2010,1498
2536,02.02.2010,1470
2537,02.01.2010,1473
2538,01.29.2010,1458
2539,01.28.2010,1448
2540,01.27.2010,1444
2541,01.26.2010,1485
2542,01.25.2010,1491
2543,01.22.2010,1530
2544,01.21.2010,1556
2545,01.20.2010,1580
2546,01.19.2010,1581
2547,01.18.2010,1559
2548,01.15.2010,1561
2549,01.14.2010,1538
2550,01.13.2010,1535
2551,01.12.2010,1550
2552,01.11.2010,1444
2553,12.31.2009,1426
2554,12.30.2009,1444
2555,12.29.2009,1452
2556,12.28.2009,1451
2557,12.25.2009,1443
2558,12.24.2009,1434
2559,12.23.2009,1421
2560,12.22.2009,1425
2561,12.21.2009,1411
2562,12.18.2009,1403
2563,12.17.2009,1448
2564,12.16.2009,1396
2565,12.15.2009,1381
2566,12.14.2009,1366
2567,12.11.2009,1351
2568,12.10.2009,1348
2569,12.09.2009,1351
2570,12.08.2009,1389
2571,12.07.2009,1425
2572,12.04.2009,1411
2573,12.03.2009,1415
2574,12.02.2009,1415
2575,12.01.2009,1372
2576,11.30.2009,1369
2577,11.27.2009,1366
2578,11.26.2009,1427
2579,11.25.2009,1447
2580,11.24.2009,1466
2581,11.23.2009,1436
2582,11.20.2009,1450
2583,11.19.2009,1486
2584,11.18.2009,1472
2585,11.17.2009,1481
2586,11.16.2009,1419
2587,11.13.2009,1425
2588,11.12.2009,1434
2589,11.11.2009,1436
2590,11.10.2009,1408
2591,11.09.2009,1337
2592,11.06.2009,1348
2593,11.05.2009,1306
2594,11.03.2009,1357
2595,11.02.2009,1358
2596,10.30.2009,1377
2597,10.29.2009,1368
2598,10.28.2009,1421
2599,10.27.2009,1476
2600,10.26.2009,1461
2601,10.23.2009,1448
2602,10.22.2009,1446
2603,10.21.2009,1446
2604,10.20.2009,1433
2605,10.19.2009,1408
2606,10.16.2009,1434
2607,10.15.2009,1441
2608,10.14.2009,1400
2609,10.13.2009,1428
2610,10.12.2009,1372
2611,10.09.2009,1334
2612,10.08.2009,1287
2613,10.07.2009,1270
2614,10.06.2009,1227
2615,10.05.2009,1224
2616,10.02.2009,1266
2617,10.01.2009,1254
2618,09.30.2009,1260
2619,09.29.2009,1248
2620,09.28.2009,1225
2621,09.25.2009,1242
2622,09.24.2009,1254
2623,09.23.2009,1249
2624,09.22.2009,1210
2625,09.21.2009,1245
2626,09.18.2009,1231
2627,09.17.2009,1246
2628,09.16.2009,1225
2629,09.15.2009,1194
2630,09.14.2009,1196
2631,09.11.2009,1166
2632,09.10.2009,1159
2633,09.09.2009,1136
2634,09.08.2009,1093
2635,09.07.2009,1063
2636,09.04.2009,1074
2637,09.03.2009,1053
2638,09.02.2009,1073
2639,09.01.2009,1067
2640,08.31.2009,1089
2641,08.28.2009,1070
2642,08.27.2009,1072
2643,08.26.2009,1102
2644,08.25.2009,1094
2645,08.24.2009,1050
2646,08.21.2009,1018
2647,08.20.2009,987
2648,08.19.2009,1002
2649,08.18.2009,1011
2650,08.17.2009,1059
2651,08.14.2009,1054
2652,08.13.2009,1025
2653,08.12.2009,1031
2654,08.11.2009,1065
2655,08.10.2009,1080
2656,08.07.2009,1083
2657,08.06.2009,1093
2658,08.05.2009,1074
2659,08.04.2009,1067
2660,08.03.2009,1017
2661,07.31.2009,1002
2662,07.30.2009,973
2663,07.29.2009,1001
2664,07.28.2009,1037
2665,07.27.2009,1012
2666,07.24.2009,976
2667,07.23.2009,963
2668,07.22.2009,987
2669,07.21.2009,972
2670,07.20.2009,925
2671,07.17.2009,903
2672,07.16.2009,887
2673,07.15.2009,866
2674,07.14.2009,836
2675,07.13.2009,835
2676,07.10.2009,884
2677,07.09.2009,889
2678,07.08.2009,922
2679,07.07.2009,921
2680,07.06.2009,950
2681,07.03.2009,960
2682,07.02.2009,978
2683,07.01.2009,967
2684,06.30.2009,951
2685,06.29.2009,955
2686,06.26.2009,947
2687,06.25.2009,959
2688,06.24.2009,932
2689,06.23.2009,957
2690,06.22.2009,1011
2691,06.19.2009,998
2692,06.18.2009,1038
2693,06.17.2009,1082
2694,06.16.2009,1077
2695,06.15.2009,1127
2696,06.11.2009,1121
2697,06.10.2009,1106
2698,06.09.2009,1096
2699,06.08.2009,1149
2700,06.05.2009,1108
2701,06.04.2009,1125
2702,06.03.2009,1180
2703,06.02.2009,1167
2704,06.01.2009,1088
2705,05.29.2009,1053
2706,05.28.2009,1030
2707,05.27.2009,990
2708,05.26.2009,1017
2709,05.25.2009,1014
2710,05.22.2009,1001
2711,05.21.2009,1023
2712,05.20.2009,971
2713,05.19.2009,939
2714,05.18.2009,936
2715,05.15.2009,932
2716,05.14.2009,947
2717,05.13.2009,979
2718,05.12.2009,938
2719,05.08.2009,942
2720,05.07.2009,897
2721,05.06.2009,871
2722,05.05.2009,856
2723,05.04.2009,833
2724,04.30.2009,814
2725,04.29.2009,784
2726,04.28.2009,803
2727,04.27.2009,831
2728,04.24.2009,820
2729,04.23.2009,785
2730,04.22.2009,775
2731,04.21.2009,796
2732,04.20.2009,834
2733,04.17.2009,819
2734,04.16.2009,807
2735,04.15.2009,807
2736,04.14.2009,814
2737,04.13.2009,817
2738,04.10.2009,811
2739,04.09.2009,761
2740,04.08.2009,740
2741,04.07.2009,748
2742,04.06.2009,746
2743,04.03.2009,733
2744,04.02.2009,685
2745,04.01.2009,689
2746,03.31.2009,683
2747,03.30.2009,721
2748,03.27.2009,752
2749,03.26.2009,740
2750,03.25.2009,722
2751,03.24.2009,737
2752,03.23.2009,696
2753,03.20.2009,694
2754,03.19.2009,650
2755,03.18.2009,665
2756,03.17.2009,649
2757,03.16.2009,652
2758,03.13.2009,618
2759,03.12.2009,627
2760,03.11.2009,634
2761,03.10.2009,576
2762,03.06.2009,559
2763,03.05.2009,562
2764,03.04.2009,540
2765,03.03.2009,539
2766,03.02.2009,544
2767,02.27.2009,547
2768,02.26.2009,538
2769,02.25.2009,524
2770,02.24.2009,517
2771,02.20.2009,549
2772,02.19.2009,524
2773,02.18.2009,552
2774,02.17.2009,609
2775,02.16.2009,624
2776,02.13.2009,611
2777,02.12.2009,620
2778,02.11.2009,602
2779,02.10.2009,569
2780,02.09.2009,520
2781,02.06.2009,513
2782,02.05.2009,514
2783,02.04.2009,512
2784,02.03.2009,508
2785,02.02.2009,535
2786,01.30.2009,530
2787,01.29.2009,546
2788,01.28.2009,547
2789,01.27.2009,539
2790,01.26.2009,498
2791,01.23.2009,515
2792,01.22.2009,530
2793,01.21.2009,514
2794,01.20.2009,531
2795,01.19.2009,566
2796,01.16.2009,569
2797,01.15.2009,587
2798,01.14.2009,621
2799,01.13.2009,628
2800,01.12.2009,626
2801,01.11.2009,631
